2025-11-23 20:50:11 error: Error: querySrv ENOTFOUND _mongodb._tcp.Arjit0409
    at QueryReqWrap.onresolve [as oncomplete] (node:internal/dns/promises:294:17)
2025-11-23 20:54:45 info: MongoDB connected successfully
2025-11-24 11:59:21 info: MongoDB connected successfully
2025-11-24 12:01:26 info: MongoDB connected successfully
2025-11-24 13:46:37 info: MongoDB connected successfully
2025-11-24 13:47:35 info: MongoDB connected successfully
2025-11-24 13:49:55 info: MongoDB connected successfully
2025-11-24 13:51:18 info: MongoDB connected successfully
2025-11-24 13:54:01 info: MongoDB connected successfully
2025-11-24 13:54:07 info: MongoDB connected successfully
2025-11-24 13:54:39 info: MongoDB connected successfully
2025-11-24 13:54:49 info: User successfully created
2025-11-24 14:22:51 info: MongoDB connected successfully
2025-11-24 14:25:32 info: MongoDB connected successfully
2025-11-24 14:25:47 info: MongoDB connected successfully
2025-11-24 14:26:06 info: MongoDB connected successfully
2025-11-24 14:26:31 info: MongoDB connected successfully
2025-11-24 14:27:11 info: MongoDB connected successfully
2025-11-24 14:30:30 info: MongoDB connected successfully
2025-11-24 14:30:36 info: MongoDB connected successfully
2025-11-24 14:49:36 info: MongoDB connected successfully
2025-11-24 14:50:14 info: MongoDB connected successfully
2025-11-24 14:50:38 info: MongoDB connected successfully
2025-11-24 14:51:26 info: MongoDB connected successfully
2025-11-24 14:53:51 info: MongoDB connected successfully
2025-11-24 14:55:02 info: MongoDB connected successfully
2025-11-24 14:55:24 info: MongoDB connected successfully
2025-11-24 14:55:35 info: MongoDB connected successfully
2025-11-24 14:55:47 info: MongoDB connected successfully
2025-11-24 14:55:52 info: MongoDB connected successfully
2025-11-24 14:56:20 info: MongoDB connected successfully
2025-11-24 14:56:40 info: MongoDB connected successfully
2025-11-24 14:57:03 info: MongoDB connected successfully
2025-11-24 14:57:12 info: MongoDB connected successfully
2025-11-24 15:37:27 info: MongoDB connected successfully
2025-11-24 15:38:31 warn: User already exists with this email or username
2025-11-24 15:38:33 warn: User already exists with this email or username
2025-11-24 15:40:11 info: MongoDB connected successfully
2025-11-24 15:40:18 info: MongoDB connected successfully
2025-11-24 15:40:28 info: MongoDB connected successfully
2025-11-24 15:40:47 info: MongoDB connected successfully
2025-11-24 15:41:39 info: MongoDB connected successfully
2025-11-24 15:42:23 warn: User already exists with this email or username
2025-11-24 15:45:33 info: MongoDB connected successfully
2025-11-24 15:48:52 warn: User already exists with this email or username
2025-11-24 15:49:28 warn: User already exists with this email or username
2025-11-24 15:49:29 warn: User already exists with this email or username
2025-11-24 15:50:21 warn: User already exists with this email or username
2025-11-24 15:50:27 warn: User already exists with this email or username
2025-11-24 15:52:37 info: MongoDB connected successfully
2025-11-24 15:52:55 warn: User already exists with this email or username
2025-11-24 15:52:55 warn: User already exists with this email or username
2025-11-24 16:46:05 info: MongoDB connected successfully
2025-11-24 16:46:11 warn: User already exists with this email or username
2025-11-24 16:46:14 warn: User already exists with this email or username
2025-11-24 16:46:14 warn: User already exists with this email or username
2025-11-24 16:46:14 warn: User already exists with this email or username
2025-11-24 16:46:14 warn: User already exists with this email or username
2025-11-24 16:46:14 warn: User already exists with this email or username
2025-11-24 16:46:14 warn: User already exists with this email or username
2025-11-24 16:46:14 warn: User already exists with this email or username
2025-11-24 16:46:15 warn: User already exists with this email or username
2025-11-24 16:46:15 warn: User already exists with this email or username
2025-11-24 16:46:15 warn: User already exists with this email or username
2025-11-24 16:46:15 warn: User already exists with this email or username
2025-11-24 16:46:15 warn: User already exists with this email or username
2025-11-24 17:25:55 info: MongoDB connected successfully
2025-11-24 17:26:05 error: Username or Email is required
2025-11-24 17:26:16 error: Username or Email is required
2025-11-24 17:27:14 error: Username or Email is required
2025-11-24 17:29:16 info: MongoDB connected successfully
2025-11-24 17:29:19 error: Username or Email is required
2025-11-24 17:30:52 info: MongoDB connected successfully
2025-11-24 17:30:59 error: Incorrect password
2025-11-24 17:31:10 error: Incorrect password
2025-11-24 17:33:16 info: User successfully created
2025-11-24 17:34:43 warn: User already exists with this email or username
2025-11-24 17:36:20 info: MongoDB connected successfully
2025-11-24 17:36:36 info: MongoDB connected successfully
2025-11-24 17:37:04 error: Incorrect password
2025-11-24 17:39:24 info: MongoDB connected successfully
2025-11-24 20:58:01 info: MongoDB connected successfully
2025-11-24 20:58:04 error: Token not found
2025-11-24 20:58:04 error: JsonWebTokenError: jwt must be provided
    at Object.module.exports [as verify] (/home/harshit/Amzon-Web-Services/backend/node_modules/jsonwebtoken/verify.js:60:17)
    at verifyJwt (/home/harshit/Amzon-Web-Services/backend/src/middlewares/authentication.middleware.ts:34:25)
    at Layer.handleRequest (/home/harshit/Amzon-Web-Services/backend/node_modules/router/lib/layer.js:152:17)
    at next (/home/harshit/Amzon-Web-Services/backend/node_modules/router/lib/route.js:157:13)
    at Route.dispatch (/home/harshit/Amzon-Web-Services/backend/node_modules/router/lib/route.js:117:3)
    at handle (/home/harshit/Amzon-Web-Services/backend/node_modules/router/index.js:435:11)
    at Layer.handleRequest (/home/harshit/Amzon-Web-Services/backend/node_modules/router/lib/layer.js:152:17)
    at /home/harshit/Amzon-Web-Services/backend/node_modules/router/index.js:295:15
    at processParams (/home/harshit/Amzon-Web-Services/backend/node_modules/router/index.js:582:12)
    at next (/home/harshit/Amzon-Web-Services/backend/node_modules/router/index.js:291:5)
2025-11-24 20:58:24 error: Token not found
2025-11-24 20:58:24 error: JsonWebTokenError: jwt must be provided
    at Object.module.exports [as verify] (/home/harshit/Amzon-Web-Services/backend/node_modules/jsonwebtoken/verify.js:60:17)
    at verifyJwt (/home/harshit/Amzon-Web-Services/backend/src/middlewares/authentication.middleware.ts:34:25)
    at Layer.handleRequest (/home/harshit/Amzon-Web-Services/backend/node_modules/router/lib/layer.js:152:17)
    at next (/home/harshit/Amzon-Web-Services/backend/node_modules/router/lib/route.js:157:13)
    at Route.dispatch (/home/harshit/Amzon-Web-Services/backend/node_modules/router/lib/route.js:117:3)
    at handle (/home/harshit/Amzon-Web-Services/backend/node_modules/router/index.js:435:11)
    at Layer.handleRequest (/home/harshit/Amzon-Web-Services/backend/node_modules/router/lib/layer.js:152:17)
    at /home/harshit/Amzon-Web-Services/backend/node_modules/router/index.js:295:15
    at processParams (/home/harshit/Amzon-Web-Services/backend/node_modules/router/index.js:582:12)
    at next (/home/harshit/Amzon-Web-Services/backend/node_modules/router/index.js:291:5)
2025-11-24 20:59:01 info: MongoDB connected successfully
2025-11-24 21:08:41 info: MongoDB connected successfully
2025-11-24 21:09:18 error: Token not found
2025-11-24 21:09:18 error: JsonWebTokenError: jwt must be provided
    at Object.module.exports [as verify] (/home/harshit/Amzon-Web-Services/backend/node_modules/jsonwebtoken/verify.js:60:17)
    at verifyJwt (/home/harshit/Amzon-Web-Services/backend/src/middlewares/authentication.middleware.ts:34:25)
    at Layer.handleRequest (/home/harshit/Amzon-Web-Services/backend/node_modules/router/lib/layer.js:152:17)
    at next (/home/harshit/Amzon-Web-Services/backend/node_modules/router/lib/route.js:157:13)
    at Route.dispatch (/home/harshit/Amzon-Web-Services/backend/node_modules/router/lib/route.js:117:3)
    at handle (/home/harshit/Amzon-Web-Services/backend/node_modules/router/index.js:435:11)
    at Layer.handleRequest (/home/harshit/Amzon-Web-Services/backend/node_modules/router/lib/layer.js:152:17)
    at /home/harshit/Amzon-Web-Services/backend/node_modules/router/index.js:295:15
    at processParams (/home/harshit/Amzon-Web-Services/backend/node_modules/router/index.js:582:12)
    at next (/home/harshit/Amzon-Web-Services/backend/node_modules/router/index.js:291:5)
2025-11-24 21:09:38 error: Token not found
2025-11-24 21:09:38 error: JsonWebTokenError: jwt must be provided
    at Object.module.exports [as verify] (/home/harshit/Amzon-Web-Services/backend/node_modules/jsonwebtoken/verify.js:60:17)
    at verifyJwt (/home/harshit/Amzon-Web-Services/backend/src/middlewares/authentication.middleware.ts:34:25)
    at Layer.handleRequest (/home/harshit/Amzon-Web-Services/backend/node_modules/router/lib/layer.js:152:17)
    at next (/home/harshit/Amzon-Web-Services/backend/node_modules/router/lib/route.js:157:13)
    at Route.dispatch (/home/harshit/Amzon-Web-Services/backend/node_modules/router/lib/route.js:117:3)
    at handle (/home/harshit/Amzon-Web-Services/backend/node_modules/router/index.js:435:11)
    at Layer.handleRequest (/home/harshit/Amzon-Web-Services/backend/node_modules/router/lib/layer.js:152:17)
    at /home/harshit/Amzon-Web-Services/backend/node_modules/router/index.js:295:15
    at processParams (/home/harshit/Amzon-Web-Services/backend/node_modules/router/index.js:582:12)
    at next (/home/harshit/Amzon-Web-Services/backend/node_modules/router/index.js:291:5)
2025-11-24 21:09:46 error: Token not found
2025-11-24 21:09:46 error: JsonWebTokenError: jwt must be provided
    at Object.module.exports [as verify] (/home/harshit/Amzon-Web-Services/backend/node_modules/jsonwebtoken/verify.js:60:17)
    at verifyJwt (/home/harshit/Amzon-Web-Services/backend/src/middlewares/authentication.middleware.ts:34:25)
    at Layer.handleRequest (/home/harshit/Amzon-Web-Services/backend/node_modules/router/lib/layer.js:152:17)
    at next (/home/harshit/Amzon-Web-Services/backend/node_modules/router/lib/route.js:157:13)
    at Route.dispatch (/home/harshit/Amzon-Web-Services/backend/node_modules/router/lib/route.js:117:3)
    at handle (/home/harshit/Amzon-Web-Services/backend/node_modules/router/index.js:435:11)
    at Layer.handleRequest (/home/harshit/Amzon-Web-Services/backend/node_modules/router/lib/layer.js:152:17)
    at /home/harshit/Amzon-Web-Services/backend/node_modules/router/index.js:295:15
    at processParams (/home/harshit/Amzon-Web-Services/backend/node_modules/router/index.js:582:12)
    at next (/home/harshit/Amzon-Web-Services/backend/node_modules/router/index.js:291:5)
2025-11-24 21:10:06 error: Token not found
2025-11-24 21:10:06 error: JsonWebTokenError: jwt must be provided
    at Object.module.exports [as verify] (/home/harshit/Amzon-Web-Services/backend/node_modules/jsonwebtoken/verify.js:60:17)
    at verifyJwt (/home/harshit/Amzon-Web-Services/backend/src/middlewares/authentication.middleware.ts:34:25)
    at Layer.handleRequest (/home/harshit/Amzon-Web-Services/backend/node_modules/router/lib/layer.js:152:17)
    at next (/home/harshit/Amzon-Web-Services/backend/node_modules/router/lib/route.js:157:13)
    at Route.dispatch (/home/harshit/Amzon-Web-Services/backend/node_modules/router/lib/route.js:117:3)
    at handle (/home/harshit/Amzon-Web-Services/backend/node_modules/router/index.js:435:11)
    at Layer.handleRequest (/home/harshit/Amzon-Web-Services/backend/node_modules/router/lib/layer.js:152:17)
    at /home/harshit/Amzon-Web-Services/backend/node_modules/router/index.js:295:15
    at processParams (/home/harshit/Amzon-Web-Services/backend/node_modules/router/index.js:582:12)
    at next (/home/harshit/Amzon-Web-Services/backend/node_modules/router/index.js:291:5)
2025-11-24 21:11:10 info: MongoDB connected successfully
2025-11-24 21:11:48 error: Token not found
2025-11-24 21:11:48 error: JsonWebTokenError: jwt must be provided
    at Object.module.exports [as verify] (/home/harshit/Amzon-Web-Services/backend/node_modules/jsonwebtoken/verify.js:60:17)
    at verifyJwt (/home/harshit/Amzon-Web-Services/backend/src/middlewares/authentication.middleware.ts:34:25)
    at Layer.handleRequest (/home/harshit/Amzon-Web-Services/backend/node_modules/router/lib/layer.js:152:17)
    at next (/home/harshit/Amzon-Web-Services/backend/node_modules/router/lib/route.js:157:13)
    at Route.dispatch (/home/harshit/Amzon-Web-Services/backend/node_modules/router/lib/route.js:117:3)
    at handle (/home/harshit/Amzon-Web-Services/backend/node_modules/router/index.js:435:11)
    at Layer.handleRequest (/home/harshit/Amzon-Web-Services/backend/node_modules/router/lib/layer.js:152:17)
    at /home/harshit/Amzon-Web-Services/backend/node_modules/router/index.js:295:15
    at processParams (/home/harshit/Amzon-Web-Services/backend/node_modules/router/index.js:582:12)
    at next (/home/harshit/Amzon-Web-Services/backend/node_modules/router/index.js:291:5)
2025-11-24 21:12:16 info: MongoDB connected successfully
2025-11-24 21:12:22 error: Token not found
2025-11-24 21:12:22 error: JsonWebTokenError: jwt must be provided
    at Object.module.exports [as verify] (/home/harshit/Amzon-Web-Services/backend/node_modules/jsonwebtoken/verify.js:60:17)
    at verifyJwt (/home/harshit/Amzon-Web-Services/backend/src/middlewares/authentication.middleware.ts:34:25)
    at Layer.handleRequest (/home/harshit/Amzon-Web-Services/backend/node_modules/router/lib/layer.js:152:17)
    at next (/home/harshit/Amzon-Web-Services/backend/node_modules/router/lib/route.js:157:13)
    at Route.dispatch (/home/harshit/Amzon-Web-Services/backend/node_modules/router/lib/route.js:117:3)
    at handle (/home/harshit/Amzon-Web-Services/backend/node_modules/router/index.js:435:11)
    at Layer.handleRequest (/home/harshit/Amzon-Web-Services/backend/node_modules/router/lib/layer.js:152:17)
    at /home/harshit/Amzon-Web-Services/backend/node_modules/router/index.js:295:15
    at processParams (/home/harshit/Amzon-Web-Services/backend/node_modules/router/index.js:582:12)
    at next (/home/harshit/Amzon-Web-Services/backend/node_modules/router/index.js:291:5)
2025-11-24 21:12:42 error: Token not found
2025-11-24 21:12:42 error: JsonWebTokenError: jwt must be provided
    at Object.module.exports [as verify] (/home/harshit/Amzon-Web-Services/backend/node_modules/jsonwebtoken/verify.js:60:17)
    at verifyJwt (/home/harshit/Amzon-Web-Services/backend/src/middlewares/authentication.middleware.ts:34:25)
    at Layer.handleRequest (/home/harshit/Amzon-Web-Services/backend/node_modules/router/lib/layer.js:152:17)
    at next (/home/harshit/Amzon-Web-Services/backend/node_modules/router/lib/route.js:157:13)
    at Route.dispatch (/home/harshit/Amzon-Web-Services/backend/node_modules/router/lib/route.js:117:3)
    at handle (/home/harshit/Amzon-Web-Services/backend/node_modules/router/index.js:435:11)
    at Layer.handleRequest (/home/harshit/Amzon-Web-Services/backend/node_modules/router/lib/layer.js:152:17)
    at /home/harshit/Amzon-Web-Services/backend/node_modules/router/index.js:295:15
    at processParams (/home/harshit/Amzon-Web-Services/backend/node_modules/router/index.js:582:12)
    at next (/home/harshit/Amzon-Web-Services/backend/node_modules/router/index.js:291:5)
2025-11-24 21:14:18 info: MongoDB connected successfully
2025-11-24 21:14:25 error: Token not found
2025-11-24 21:14:25 error: JsonWebTokenError: jwt must be provided
    at Object.module.exports [as verify] (/home/harshit/Amzon-Web-Services/backend/node_modules/jsonwebtoken/verify.js:60:17)
    at verifyJwt (/home/harshit/Amzon-Web-Services/backend/src/middlewares/authentication.middleware.ts:34:25)
    at Layer.handleRequest (/home/harshit/Amzon-Web-Services/backend/node_modules/router/lib/layer.js:152:17)
    at next (/home/harshit/Amzon-Web-Services/backend/node_modules/router/lib/route.js:157:13)
    at Route.dispatch (/home/harshit/Amzon-Web-Services/backend/node_modules/router/lib/route.js:117:3)
    at handle (/home/harshit/Amzon-Web-Services/backend/node_modules/router/index.js:435:11)
    at Layer.handleRequest (/home/harshit/Amzon-Web-Services/backend/node_modules/router/lib/layer.js:152:17)
    at /home/harshit/Amzon-Web-Services/backend/node_modules/router/index.js:295:15
    at processParams (/home/harshit/Amzon-Web-Services/backend/node_modules/router/index.js:582:12)
    at next (/home/harshit/Amzon-Web-Services/backend/node_modules/router/index.js:291:5)
2025-11-24 21:14:46 info: MongoDB connected successfully
2025-11-24 21:14:51 info: MongoDB connected successfully
2025-11-24 21:15:02 info: MongoDB connected successfully
2025-11-24 21:15:04 error: Token not found
2025-11-24 21:15:04 error: JsonWebTokenError: jwt must be provided
    at Object.module.exports [as verify] (/home/harshit/Amzon-Web-Services/backend/node_modules/jsonwebtoken/verify.js:60:17)
    at verifyJwt (/home/harshit/Amzon-Web-Services/backend/src/middlewares/authentication.middleware.ts:34:25)
    at Layer.handleRequest (/home/harshit/Amzon-Web-Services/backend/node_modules/router/lib/layer.js:152:17)
    at next (/home/harshit/Amzon-Web-Services/backend/node_modules/router/lib/route.js:157:13)
    at Route.dispatch (/home/harshit/Amzon-Web-Services/backend/node_modules/router/lib/route.js:117:3)
    at handle (/home/harshit/Amzon-Web-Services/backend/node_modules/router/index.js:435:11)
    at Layer.handleRequest (/home/harshit/Amzon-Web-Services/backend/node_modules/router/lib/layer.js:152:17)
    at /home/harshit/Amzon-Web-Services/backend/node_modules/router/index.js:295:15
    at processParams (/home/harshit/Amzon-Web-Services/backend/node_modules/router/index.js:582:12)
    at next (/home/harshit/Amzon-Web-Services/backend/node_modules/router/index.js:291:5)
2025-11-24 21:15:24 error: Token not found
2025-11-24 21:15:24 error: JsonWebTokenError: jwt must be provided
    at Object.module.exports [as verify] (/home/harshit/Amzon-Web-Services/backend/node_modules/jsonwebtoken/verify.js:60:17)
    at verifyJwt (/home/harshit/Amzon-Web-Services/backend/src/middlewares/authentication.middleware.ts:34:25)
    at Layer.handleRequest (/home/harshit/Amzon-Web-Services/backend/node_modules/router/lib/layer.js:152:17)
    at next (/home/harshit/Amzon-Web-Services/backend/node_modules/router/lib/route.js:157:13)
    at Route.dispatch (/home/harshit/Amzon-Web-Services/backend/node_modules/router/lib/route.js:117:3)
    at handle (/home/harshit/Amzon-Web-Services/backend/node_modules/router/index.js:435:11)
    at Layer.handleRequest (/home/harshit/Amzon-Web-Services/backend/node_modules/router/lib/layer.js:152:17)
    at /home/harshit/Amzon-Web-Services/backend/node_modules/router/index.js:295:15
    at processParams (/home/harshit/Amzon-Web-Services/backend/node_modules/router/index.js:582:12)
    at next (/home/harshit/Amzon-Web-Services/backend/node_modules/router/index.js:291:5)
2025-11-24 21:15:41 error: Token not found
2025-11-24 21:15:41 error: JsonWebTokenError: jwt must be provided
    at Object.module.exports [as verify] (/home/harshit/Amzon-Web-Services/backend/node_modules/jsonwebtoken/verify.js:60:17)
    at verifyJwt (/home/harshit/Amzon-Web-Services/backend/src/middlewares/authentication.middleware.ts:34:25)
    at Layer.handleRequest (/home/harshit/Amzon-Web-Services/backend/node_modules/router/lib/layer.js:152:17)
    at next (/home/harshit/Amzon-Web-Services/backend/node_modules/router/lib/route.js:157:13)
    at Route.dispatch (/home/harshit/Amzon-Web-Services/backend/node_modules/router/lib/route.js:117:3)
    at handle (/home/harshit/Amzon-Web-Services/backend/node_modules/router/index.js:435:11)
    at Layer.handleRequest (/home/harshit/Amzon-Web-Services/backend/node_modules/router/lib/layer.js:152:17)
    at /home/harshit/Amzon-Web-Services/backend/node_modules/router/index.js:295:15
    at processParams (/home/harshit/Amzon-Web-Services/backend/node_modules/router/index.js:582:12)
    at next (/home/harshit/Amzon-Web-Services/backend/node_modules/router/index.js:291:5)
2025-11-24 21:16:01 error: Token not found
2025-11-24 21:16:01 error: JsonWebTokenError: jwt must be provided
    at Object.module.exports [as verify] (/home/harshit/Amzon-Web-Services/backend/node_modules/jsonwebtoken/verify.js:60:17)
    at verifyJwt (/home/harshit/Amzon-Web-Services/backend/src/middlewares/authentication.middleware.ts:34:25)
    at Layer.handleRequest (/home/harshit/Amzon-Web-Services/backend/node_modules/router/lib/layer.js:152:17)
    at next (/home/harshit/Amzon-Web-Services/backend/node_modules/router/lib/route.js:157:13)
    at Route.dispatch (/home/harshit/Amzon-Web-Services/backend/node_modules/router/lib/route.js:117:3)
    at handle (/home/harshit/Amzon-Web-Services/backend/node_modules/router/index.js:435:11)
    at Layer.handleRequest (/home/harshit/Amzon-Web-Services/backend/node_modules/router/lib/layer.js:152:17)
    at /home/harshit/Amzon-Web-Services/backend/node_modules/router/index.js:295:15
    at processParams (/home/harshit/Amzon-Web-Services/backend/node_modules/router/index.js:582:12)
    at next (/home/harshit/Amzon-Web-Services/backend/node_modules/router/index.js:291:5)
2025-11-24 21:16:13 info: MongoDB connected successfully
2025-11-24 21:16:54 info: MongoDB connected successfully
2025-11-24 21:17:00 error: Token not found
2025-11-24 21:17:00 error: JsonWebTokenError: jwt must be provided
    at Object.module.exports [as verify] (/home/harshit/Amzon-Web-Services/backend/node_modules/jsonwebtoken/verify.js:60:17)
    at verifyJwt (/home/harshit/Amzon-Web-Services/backend/src/middlewares/authentication.middleware.ts:34:25)
    at Layer.handleRequest (/home/harshit/Amzon-Web-Services/backend/node_modules/router/lib/layer.js:152:17)
    at next (/home/harshit/Amzon-Web-Services/backend/node_modules/router/lib/route.js:157:13)
    at Route.dispatch (/home/harshit/Amzon-Web-Services/backend/node_modules/router/lib/route.js:117:3)
    at handle (/home/harshit/Amzon-Web-Services/backend/node_modules/router/index.js:435:11)
    at Layer.handleRequest (/home/harshit/Amzon-Web-Services/backend/node_modules/router/lib/layer.js:152:17)
    at /home/harshit/Amzon-Web-Services/backend/node_modules/router/index.js:295:15
    at processParams (/home/harshit/Amzon-Web-Services/backend/node_modules/router/index.js:582:12)
    at next (/home/harshit/Amzon-Web-Services/backend/node_modules/router/index.js:291:5)
2025-11-24 21:17:15 error: Incorrect password
2025-11-24 21:17:20 error: Token not found
2025-11-24 21:17:20 error: JsonWebTokenError: jwt must be provided
    at Object.module.exports [as verify] (/home/harshit/Amzon-Web-Services/backend/node_modules/jsonwebtoken/verify.js:60:17)
    at verifyJwt (/home/harshit/Amzon-Web-Services/backend/src/middlewares/authentication.middleware.ts:34:25)
    at Layer.handleRequest (/home/harshit/Amzon-Web-Services/backend/node_modules/router/lib/layer.js:152:17)
    at next (/home/harshit/Amzon-Web-Services/backend/node_modules/router/lib/route.js:157:13)
    at Route.dispatch (/home/harshit/Amzon-Web-Services/backend/node_modules/router/lib/route.js:117:3)
    at handle (/home/harshit/Amzon-Web-Services/backend/node_modules/router/index.js:435:11)
    at Layer.handleRequest (/home/harshit/Amzon-Web-Services/backend/node_modules/router/lib/layer.js:152:17)
    at /home/harshit/Amzon-Web-Services/backend/node_modules/router/index.js:295:15
    at processParams (/home/harshit/Amzon-Web-Services/backend/node_modules/router/index.js:582:12)
    at next (/home/harshit/Amzon-Web-Services/backend/node_modules/router/index.js:291:5)
2025-11-24 21:17:24 error: Incorrect password
2025-11-24 21:17:25 error: Incorrect password
2025-11-24 21:17:26 error: Incorrect password
2025-11-24 21:17:26 error: Incorrect password
2025-11-24 21:17:27 error: Incorrect password
2025-11-24 21:18:03 error: Token not found
2025-11-24 21:18:03 error: JsonWebTokenError: jwt must be provided
    at Object.module.exports [as verify] (/home/harshit/Amzon-Web-Services/backend/node_modules/jsonwebtoken/verify.js:60:17)
    at verifyJwt (/home/harshit/Amzon-Web-Services/backend/src/middlewares/authentication.middleware.ts:34:25)
    at Layer.handleRequest (/home/harshit/Amzon-Web-Services/backend/node_modules/router/lib/layer.js:152:17)
    at next (/home/harshit/Amzon-Web-Services/backend/node_modules/router/lib/route.js:157:13)
    at Route.dispatch (/home/harshit/Amzon-Web-Services/backend/node_modules/router/lib/route.js:117:3)
    at handle (/home/harshit/Amzon-Web-Services/backend/node_modules/router/index.js:435:11)
    at Layer.handleRequest (/home/harshit/Amzon-Web-Services/backend/node_modules/router/lib/layer.js:152:17)
    at /home/harshit/Amzon-Web-Services/backend/node_modules/router/index.js:295:15
    at processParams (/home/harshit/Amzon-Web-Services/backend/node_modules/router/index.js:582:12)
    at next (/home/harshit/Amzon-Web-Services/backend/node_modules/router/index.js:291:5)
2025-11-24 21:18:04 error: Token not found
2025-11-24 21:18:04 error: JsonWebTokenError: jwt must be provided
    at Object.module.exports [as verify] (/home/harshit/Amzon-Web-Services/backend/node_modules/jsonwebtoken/verify.js:60:17)
    at verifyJwt (/home/harshit/Amzon-Web-Services/backend/src/middlewares/authentication.middleware.ts:34:25)
    at Layer.handleRequest (/home/harshit/Amzon-Web-Services/backend/node_modules/router/lib/layer.js:152:17)
    at next (/home/harshit/Amzon-Web-Services/backend/node_modules/router/lib/route.js:157:13)
    at Route.dispatch (/home/harshit/Amzon-Web-Services/backend/node_modules/router/lib/route.js:117:3)
    at handle (/home/harshit/Amzon-Web-Services/backend/node_modules/router/index.js:435:11)
    at Layer.handleRequest (/home/harshit/Amzon-Web-Services/backend/node_modules/router/lib/layer.js:152:17)
    at /home/harshit/Amzon-Web-Services/backend/node_modules/router/index.js:295:15
    at processParams (/home/harshit/Amzon-Web-Services/backend/node_modules/router/index.js:582:12)
    at next (/home/harshit/Amzon-Web-Services/backend/node_modules/router/index.js:291:5)
2025-11-24 21:18:05 error: Token not found
2025-11-24 21:18:05 error: JsonWebTokenError: jwt must be provided
    at Object.module.exports [as verify] (/home/harshit/Amzon-Web-Services/backend/node_modules/jsonwebtoken/verify.js:60:17)
    at verifyJwt (/home/harshit/Amzon-Web-Services/backend/src/middlewares/authentication.middleware.ts:34:25)
    at Layer.handleRequest (/home/harshit/Amzon-Web-Services/backend/node_modules/router/lib/layer.js:152:17)
    at next (/home/harshit/Amzon-Web-Services/backend/node_modules/router/lib/route.js:157:13)
    at Route.dispatch (/home/harshit/Amzon-Web-Services/backend/node_modules/router/lib/route.js:117:3)
    at handle (/home/harshit/Amzon-Web-Services/backend/node_modules/router/index.js:435:11)
    at Layer.handleRequest (/home/harshit/Amzon-Web-Services/backend/node_modules/router/lib/layer.js:152:17)
    at /home/harshit/Amzon-Web-Services/backend/node_modules/router/index.js:295:15
    at processParams (/home/harshit/Amzon-Web-Services/backend/node_modules/router/index.js:582:12)
    at next (/home/harshit/Amzon-Web-Services/backend/node_modules/router/index.js:291:5)
2025-11-24 21:18:05 error: Token not found
2025-11-24 21:18:05 error: JsonWebTokenError: jwt must be provided
    at Object.module.exports [as verify] (/home/harshit/Amzon-Web-Services/backend/node_modules/jsonwebtoken/verify.js:60:17)
    at verifyJwt (/home/harshit/Amzon-Web-Services/backend/src/middlewares/authentication.middleware.ts:34:25)
    at Layer.handleRequest (/home/harshit/Amzon-Web-Services/backend/node_modules/router/lib/layer.js:152:17)
    at next (/home/harshit/Amzon-Web-Services/backend/node_modules/router/lib/route.js:157:13)
    at Route.dispatch (/home/harshit/Amzon-Web-Services/backend/node_modules/router/lib/route.js:117:3)
    at handle (/home/harshit/Amzon-Web-Services/backend/node_modules/router/index.js:435:11)
    at Layer.handleRequest (/home/harshit/Amzon-Web-Services/backend/node_modules/router/lib/layer.js:152:17)
    at /home/harshit/Amzon-Web-Services/backend/node_modules/router/index.js:295:15
    at processParams (/home/harshit/Amzon-Web-Services/backend/node_modules/router/index.js:582:12)
    at next (/home/harshit/Amzon-Web-Services/backend/node_modules/router/index.js:291:5)
2025-11-24 21:18:05 error: Token not found
2025-11-24 21:18:05 error: JsonWebTokenError: jwt must be provided
    at Object.module.exports [as verify] (/home/harshit/Amzon-Web-Services/backend/node_modules/jsonwebtoken/verify.js:60:17)
    at verifyJwt (/home/harshit/Amzon-Web-Services/backend/src/middlewares/authentication.middleware.ts:34:25)
    at Layer.handleRequest (/home/harshit/Amzon-Web-Services/backend/node_modules/router/lib/layer.js:152:17)
    at next (/home/harshit/Amzon-Web-Services/backend/node_modules/router/lib/route.js:157:13)
    at Route.dispatch (/home/harshit/Amzon-Web-Services/backend/node_modules/router/lib/route.js:117:3)
    at handle (/home/harshit/Amzon-Web-Services/backend/node_modules/router/index.js:435:11)
    at Layer.handleRequest (/home/harshit/Amzon-Web-Services/backend/node_modules/router/lib/layer.js:152:17)
    at /home/harshit/Amzon-Web-Services/backend/node_modules/router/index.js:295:15
    at processParams (/home/harshit/Amzon-Web-Services/backend/node_modules/router/index.js:582:12)
    at next (/home/harshit/Amzon-Web-Services/backend/node_modules/router/index.js:291:5)
2025-11-24 21:18:06 error: Token not found
2025-11-24 21:18:06 error: JsonWebTokenError: jwt must be provided
    at Object.module.exports [as verify] (/home/harshit/Amzon-Web-Services/backend/node_modules/jsonwebtoken/verify.js:60:17)
    at verifyJwt (/home/harshit/Amzon-Web-Services/backend/src/middlewares/authentication.middleware.ts:34:25)
    at Layer.handleRequest (/home/harshit/Amzon-Web-Services/backend/node_modules/router/lib/layer.js:152:17)
    at next (/home/harshit/Amzon-Web-Services/backend/node_modules/router/lib/route.js:157:13)
    at Route.dispatch (/home/harshit/Amzon-Web-Services/backend/node_modules/router/lib/route.js:117:3)
    at handle (/home/harshit/Amzon-Web-Services/backend/node_modules/router/index.js:435:11)
    at Layer.handleRequest (/home/harshit/Amzon-Web-Services/backend/node_modules/router/lib/layer.js:152:17)
    at /home/harshit/Amzon-Web-Services/backend/node_modules/router/index.js:295:15
    at processParams (/home/harshit/Amzon-Web-Services/backend/node_modules/router/index.js:582:12)
    at next (/home/harshit/Amzon-Web-Services/backend/node_modules/router/index.js:291:5)
2025-11-24 21:32:53 info: MongoDB connected successfully
2025-11-24 21:32:55 error: Token not found
2025-11-24 21:32:55 error: JsonWebTokenError: jwt must be provided
    at Object.module.exports [as verify] (/home/harshit/Amzon-Web-Services/backend/node_modules/jsonwebtoken/verify.js:60:17)
    at verifyJwt (/home/harshit/Amzon-Web-Services/backend/src/middlewares/authentication.middleware.ts:34:25)
    at Layer.handleRequest (/home/harshit/Amzon-Web-Services/backend/node_modules/router/lib/layer.js:152:17)
    at next (/home/harshit/Amzon-Web-Services/backend/node_modules/router/lib/route.js:157:13)
    at Route.dispatch (/home/harshit/Amzon-Web-Services/backend/node_modules/router/lib/route.js:117:3)
    at handle (/home/harshit/Amzon-Web-Services/backend/node_modules/router/index.js:435:11)
    at Layer.handleRequest (/home/harshit/Amzon-Web-Services/backend/node_modules/router/lib/layer.js:152:17)
    at /home/harshit/Amzon-Web-Services/backend/node_modules/router/index.js:295:15
    at processParams (/home/harshit/Amzon-Web-Services/backend/node_modules/router/index.js:582:12)
    at next (/home/harshit/Amzon-Web-Services/backend/node_modules/router/index.js:291:5)
2025-11-24 21:33:08 info: MongoDB connected successfully
2025-11-24 21:33:49 error: Token not found
2025-11-24 21:33:49 error: JsonWebTokenError: jwt must be provided
    at Object.module.exports [as verify] (/home/harshit/Amzon-Web-Services/backend/node_modules/jsonwebtoken/verify.js:60:17)
    at verifyJwt (/home/harshit/Amzon-Web-Services/backend/src/middlewares/authentication.middleware.ts:34:25)
    at Layer.handleRequest (/home/harshit/Amzon-Web-Services/backend/node_modules/router/lib/layer.js:152:17)
    at next (/home/harshit/Amzon-Web-Services/backend/node_modules/router/lib/route.js:157:13)
    at Route.dispatch (/home/harshit/Amzon-Web-Services/backend/node_modules/router/lib/route.js:117:3)
    at handle (/home/harshit/Amzon-Web-Services/backend/node_modules/router/index.js:435:11)
    at Layer.handleRequest (/home/harshit/Amzon-Web-Services/backend/node_modules/router/lib/layer.js:152:17)
    at /home/harshit/Amzon-Web-Services/backend/node_modules/router/index.js:295:15
    at processParams (/home/harshit/Amzon-Web-Services/backend/node_modules/router/index.js:582:12)
    at next (/home/harshit/Amzon-Web-Services/backend/node_modules/router/index.js:291:5)
2025-11-24 21:34:09 error: Token not found
2025-11-24 21:34:09 error: JsonWebTokenError: jwt must be provided
    at Object.module.exports [as verify] (/home/harshit/Amzon-Web-Services/backend/node_modules/jsonwebtoken/verify.js:60:17)
    at verifyJwt (/home/harshit/Amzon-Web-Services/backend/src/middlewares/authentication.middleware.ts:34:25)
    at Layer.handleRequest (/home/harshit/Amzon-Web-Services/backend/node_modules/router/lib/layer.js:152:17)
    at next (/home/harshit/Amzon-Web-Services/backend/node_modules/router/lib/route.js:157:13)
    at Route.dispatch (/home/harshit/Amzon-Web-Services/backend/node_modules/router/lib/route.js:117:3)
    at handle (/home/harshit/Amzon-Web-Services/backend/node_modules/router/index.js:435:11)
    at Layer.handleRequest (/home/harshit/Amzon-Web-Services/backend/node_modules/router/lib/layer.js:152:17)
    at /home/harshit/Amzon-Web-Services/backend/node_modules/router/index.js:295:15
    at processParams (/home/harshit/Amzon-Web-Services/backend/node_modules/router/index.js:582:12)
    at next (/home/harshit/Amzon-Web-Services/backend/node_modules/router/index.js:291:5)
2025-11-24 21:35:57 error: Token not found
2025-11-24 21:35:57 error: JsonWebTokenError: jwt must be provided
    at Object.module.exports [as verify] (/home/harshit/Amzon-Web-Services/backend/node_modules/jsonwebtoken/verify.js:60:17)
    at verifyJwt (/home/harshit/Amzon-Web-Services/backend/src/middlewares/authentication.middleware.ts:34:25)
    at Layer.handleRequest (/home/harshit/Amzon-Web-Services/backend/node_modules/router/lib/layer.js:152:17)
    at next (/home/harshit/Amzon-Web-Services/backend/node_modules/router/lib/route.js:157:13)
    at Route.dispatch (/home/harshit/Amzon-Web-Services/backend/node_modules/router/lib/route.js:117:3)
    at handle (/home/harshit/Amzon-Web-Services/backend/node_modules/router/index.js:435:11)
    at Layer.handleRequest (/home/harshit/Amzon-Web-Services/backend/node_modules/router/lib/layer.js:152:17)
    at /home/harshit/Amzon-Web-Services/backend/node_modules/router/index.js:295:15
    at processParams (/home/harshit/Amzon-Web-Services/backend/node_modules/router/index.js:582:12)
    at next (/home/harshit/Amzon-Web-Services/backend/node_modules/router/index.js:291:5)
2025-11-24 21:36:14 info: MongoDB connected successfully
2025-11-24 21:36:19 error: Token not found
2025-11-24 21:36:19 error: JsonWebTokenError: jwt must be provided
    at Object.module.exports [as verify] (/home/harshit/Amzon-Web-Services/backend/node_modules/jsonwebtoken/verify.js:60:17)
    at verifyJwt (/home/harshit/Amzon-Web-Services/backend/src/middlewares/authentication.middleware.ts:34:25)
    at Layer.handleRequest (/home/harshit/Amzon-Web-Services/backend/node_modules/router/lib/layer.js:152:17)
    at next (/home/harshit/Amzon-Web-Services/backend/node_modules/router/lib/route.js:157:13)
    at Route.dispatch (/home/harshit/Amzon-Web-Services/backend/node_modules/router/lib/route.js:117:3)
    at handle (/home/harshit/Amzon-Web-Services/backend/node_modules/router/index.js:435:11)
    at Layer.handleRequest (/home/harshit/Amzon-Web-Services/backend/node_modules/router/lib/layer.js:152:17)
    at /home/harshit/Amzon-Web-Services/backend/node_modules/router/index.js:295:15
    at processParams (/home/harshit/Amzon-Web-Services/backend/node_modules/router/index.js:582:12)
    at next (/home/harshit/Amzon-Web-Services/backend/node_modules/router/index.js:291:5)
2025-11-24 21:36:27 error: Incorrect password
2025-11-24 21:36:39 error: Token not found
2025-11-24 21:36:39 error: JsonWebTokenError: jwt must be provided
    at Object.module.exports [as verify] (/home/harshit/Amzon-Web-Services/backend/node_modules/jsonwebtoken/verify.js:60:17)
    at verifyJwt (/home/harshit/Amzon-Web-Services/backend/src/middlewares/authentication.middleware.ts:34:25)
    at Layer.handleRequest (/home/harshit/Amzon-Web-Services/backend/node_modules/router/lib/layer.js:152:17)
    at next (/home/harshit/Amzon-Web-Services/backend/node_modules/router/lib/route.js:157:13)
    at Route.dispatch (/home/harshit/Amzon-Web-Services/backend/node_modules/router/lib/route.js:117:3)
    at handle (/home/harshit/Amzon-Web-Services/backend/node_modules/router/index.js:435:11)
    at Layer.handleRequest (/home/harshit/Amzon-Web-Services/backend/node_modules/router/lib/layer.js:152:17)
    at /home/harshit/Amzon-Web-Services/backend/node_modules/router/index.js:295:15
    at processParams (/home/harshit/Amzon-Web-Services/backend/node_modules/router/index.js:582:12)
    at next (/home/harshit/Amzon-Web-Services/backend/node_modules/router/index.js:291:5)
2025-11-24 21:39:16 info: MongoDB connected successfully
2025-11-24 21:42:55 info: MongoDB connected successfully
2025-11-24 21:43:02 error: Token not found
2025-11-24 21:43:02 error: JsonWebTokenError: jwt must be provided
    at Object.module.exports [as verify] (/home/harshit/Amzon-Web-Services/backend/node_modules/jsonwebtoken/verify.js:60:17)
    at verifyJwt (/home/harshit/Amzon-Web-Services/backend/src/middlewares/authentication.middleware.ts:34:25)
    at Layer.handleRequest (/home/harshit/Amzon-Web-Services/backend/node_modules/router/lib/layer.js:152:17)
    at next (/home/harshit/Amzon-Web-Services/backend/node_modules/router/lib/route.js:157:13)
    at Route.dispatch (/home/harshit/Amzon-Web-Services/backend/node_modules/router/lib/route.js:117:3)
    at handle (/home/harshit/Amzon-Web-Services/backend/node_modules/router/index.js:435:11)
    at Layer.handleRequest (/home/harshit/Amzon-Web-Services/backend/node_modules/router/lib/layer.js:152:17)
    at /home/harshit/Amzon-Web-Services/backend/node_modules/router/index.js:295:15
    at processParams (/home/harshit/Amzon-Web-Services/backend/node_modules/router/index.js:582:12)
    at next (/home/harshit/Amzon-Web-Services/backend/node_modules/router/index.js:291:5)
2025-11-24 21:43:03 error: Token not found
2025-11-24 21:43:03 error: JsonWebTokenError: jwt must be provided
    at Object.module.exports [as verify] (/home/harshit/Amzon-Web-Services/backend/node_modules/jsonwebtoken/verify.js:60:17)
    at verifyJwt (/home/harshit/Amzon-Web-Services/backend/src/middlewares/authentication.middleware.ts:34:25)
    at Layer.handleRequest (/home/harshit/Amzon-Web-Services/backend/node_modules/router/lib/layer.js:152:17)
    at next (/home/harshit/Amzon-Web-Services/backend/node_modules/router/lib/route.js:157:13)
    at Route.dispatch (/home/harshit/Amzon-Web-Services/backend/node_modules/router/lib/route.js:117:3)
    at handle (/home/harshit/Amzon-Web-Services/backend/node_modules/router/index.js:435:11)
    at Layer.handleRequest (/home/harshit/Amzon-Web-Services/backend/node_modules/router/lib/layer.js:152:17)
    at /home/harshit/Amzon-Web-Services/backend/node_modules/router/index.js:295:15
    at processParams (/home/harshit/Amzon-Web-Services/backend/node_modules/router/index.js:582:12)
    at next (/home/harshit/Amzon-Web-Services/backend/node_modules/router/index.js:291:5)
2025-11-24 21:43:23 info: MongoDB connected successfully
2025-11-24 21:43:29 error: Token not found
2025-11-24 21:43:29 error: JsonWebTokenError: jwt must be provided
    at Object.module.exports [as verify] (/home/harshit/Amzon-Web-Services/backend/node_modules/jsonwebtoken/verify.js:60:17)
    at verifyJwt (/home/harshit/Amzon-Web-Services/backend/src/middlewares/authentication.middleware.ts:34:25)
    at Layer.handleRequest (/home/harshit/Amzon-Web-Services/backend/node_modules/router/lib/layer.js:152:17)
    at next (/home/harshit/Amzon-Web-Services/backend/node_modules/router/lib/route.js:157:13)
    at Route.dispatch (/home/harshit/Amzon-Web-Services/backend/node_modules/router/lib/route.js:117:3)
    at handle (/home/harshit/Amzon-Web-Services/backend/node_modules/router/index.js:435:11)
    at Layer.handleRequest (/home/harshit/Amzon-Web-Services/backend/node_modules/router/lib/layer.js:152:17)
    at /home/harshit/Amzon-Web-Services/backend/node_modules/router/index.js:295:15
    at processParams (/home/harshit/Amzon-Web-Services/backend/node_modules/router/index.js:582:12)
    at next (/home/harshit/Amzon-Web-Services/backend/node_modules/router/index.js:291:5)
2025-11-24 21:43:49 error: Token not found
2025-11-24 21:43:49 error: JsonWebTokenError: jwt must be provided
    at Object.module.exports [as verify] (/home/harshit/Amzon-Web-Services/backend/node_modules/jsonwebtoken/verify.js:60:17)
    at verifyJwt (/home/harshit/Amzon-Web-Services/backend/src/middlewares/authentication.middleware.ts:34:25)
    at Layer.handleRequest (/home/harshit/Amzon-Web-Services/backend/node_modules/router/lib/layer.js:152:17)
    at next (/home/harshit/Amzon-Web-Services/backend/node_modules/router/lib/route.js:157:13)
    at Route.dispatch (/home/harshit/Amzon-Web-Services/backend/node_modules/router/lib/route.js:117:3)
    at handle (/home/harshit/Amzon-Web-Services/backend/node_modules/router/index.js:435:11)
    at Layer.handleRequest (/home/harshit/Amzon-Web-Services/backend/node_modules/router/lib/layer.js:152:17)
    at /home/harshit/Amzon-Web-Services/backend/node_modules/router/index.js:295:15
    at processParams (/home/harshit/Amzon-Web-Services/backend/node_modules/router/index.js:582:12)
    at next (/home/harshit/Amzon-Web-Services/backend/node_modules/router/index.js:291:5)
2025-11-24 21:46:36 info: MongoDB connected successfully
2025-11-24 21:46:37 warn: Token not found
2025-11-24 21:46:37 error: JsonWebTokenError: jwt must be provided
    at Object.module.exports [as verify] (/home/harshit/Amzon-Web-Services/backend/node_modules/jsonwebtoken/verify.js:60:17)
    at verifyJwt (/home/harshit/Amzon-Web-Services/backend/src/middlewares/authentication.middleware.ts:34:25)
    at Layer.handleRequest (/home/harshit/Amzon-Web-Services/backend/node_modules/router/lib/layer.js:152:17)
    at next (/home/harshit/Amzon-Web-Services/backend/node_modules/router/lib/route.js:157:13)
    at Route.dispatch (/home/harshit/Amzon-Web-Services/backend/node_modules/router/lib/route.js:117:3)
    at handle (/home/harshit/Amzon-Web-Services/backend/node_modules/router/index.js:435:11)
    at Layer.handleRequest (/home/harshit/Amzon-Web-Services/backend/node_modules/router/lib/layer.js:152:17)
    at /home/harshit/Amzon-Web-Services/backend/node_modules/router/index.js:295:15
    at processParams (/home/harshit/Amzon-Web-Services/backend/node_modules/router/index.js:582:12)
    at next (/home/harshit/Amzon-Web-Services/backend/node_modules/router/index.js:291:5)
2025-11-24 21:46:57 warn: Token not found
2025-11-24 21:46:57 error: JsonWebTokenError: jwt must be provided
    at Object.module.exports [as verify] (/home/harshit/Amzon-Web-Services/backend/node_modules/jsonwebtoken/verify.js:60:17)
    at verifyJwt (/home/harshit/Amzon-Web-Services/backend/src/middlewares/authentication.middleware.ts:34:25)
    at Layer.handleRequest (/home/harshit/Amzon-Web-Services/backend/node_modules/router/lib/layer.js:152:17)
    at next (/home/harshit/Amzon-Web-Services/backend/node_modules/router/lib/route.js:157:13)
    at Route.dispatch (/home/harshit/Amzon-Web-Services/backend/node_modules/router/lib/route.js:117:3)
    at handle (/home/harshit/Amzon-Web-Services/backend/node_modules/router/index.js:435:11)
    at Layer.handleRequest (/home/harshit/Amzon-Web-Services/backend/node_modules/router/lib/layer.js:152:17)
    at /home/harshit/Amzon-Web-Services/backend/node_modules/router/index.js:295:15
    at processParams (/home/harshit/Amzon-Web-Services/backend/node_modules/router/index.js:582:12)
    at next (/home/harshit/Amzon-Web-Services/backend/node_modules/router/index.js:291:5)
2025-11-24 21:47:27 info: MongoDB connected successfully
2025-11-24 21:47:48 warn: Token not found
2025-11-24 21:47:48 error: JsonWebTokenError: jwt must be provided
    at Object.module.exports [as verify] (/home/harshit/Amzon-Web-Services/backend/node_modules/jsonwebtoken/verify.js:60:17)
    at verifyJwt (/home/harshit/Amzon-Web-Services/backend/src/middlewares/authentication.middleware.ts:34:25)
    at Layer.handleRequest (/home/harshit/Amzon-Web-Services/backend/node_modules/router/lib/layer.js:152:17)
    at next (/home/harshit/Amzon-Web-Services/backend/node_modules/router/lib/route.js:157:13)
    at Route.dispatch (/home/harshit/Amzon-Web-Services/backend/node_modules/router/lib/route.js:117:3)
    at handle (/home/harshit/Amzon-Web-Services/backend/node_modules/router/index.js:435:11)
    at Layer.handleRequest (/home/harshit/Amzon-Web-Services/backend/node_modules/router/lib/layer.js:152:17)
    at /home/harshit/Amzon-Web-Services/backend/node_modules/router/index.js:295:15
    at processParams (/home/harshit/Amzon-Web-Services/backend/node_modules/router/index.js:582:12)
    at next (/home/harshit/Amzon-Web-Services/backend/node_modules/router/index.js:291:5)
2025-11-24 21:48:08 warn: Token not found
2025-11-24 21:48:08 error: JsonWebTokenError: jwt must be provided
    at Object.module.exports [as verify] (/home/harshit/Amzon-Web-Services/backend/node_modules/jsonwebtoken/verify.js:60:17)
    at verifyJwt (/home/harshit/Amzon-Web-Services/backend/src/middlewares/authentication.middleware.ts:34:25)
    at Layer.handleRequest (/home/harshit/Amzon-Web-Services/backend/node_modules/router/lib/layer.js:152:17)
    at next (/home/harshit/Amzon-Web-Services/backend/node_modules/router/lib/route.js:157:13)
    at Route.dispatch (/home/harshit/Amzon-Web-Services/backend/node_modules/router/lib/route.js:117:3)
    at handle (/home/harshit/Amzon-Web-Services/backend/node_modules/router/index.js:435:11)
    at Layer.handleRequest (/home/harshit/Amzon-Web-Services/backend/node_modules/router/lib/layer.js:152:17)
    at /home/harshit/Amzon-Web-Services/backend/node_modules/router/index.js:295:15
    at processParams (/home/harshit/Amzon-Web-Services/backend/node_modules/router/index.js:582:12)
    at next (/home/harshit/Amzon-Web-Services/backend/node_modules/router/index.js:291:5)
2025-11-24 22:01:00 info: MongoDB connected successfully
2025-11-24 22:01:09 warn: Token not found
2025-11-24 22:01:09 error: JsonWebTokenError: jwt must be provided
    at Object.module.exports [as verify] (/home/harshit/Amzon-Web-Services/backend/node_modules/jsonwebtoken/verify.js:60:17)
    at verifyJwt (/home/harshit/Amzon-Web-Services/backend/src/middlewares/authentication.middleware.ts:34:25)
    at Layer.handleRequest (/home/harshit/Amzon-Web-Services/backend/node_modules/router/lib/layer.js:152:17)
    at next (/home/harshit/Amzon-Web-Services/backend/node_modules/router/lib/route.js:157:13)
    at Route.dispatch (/home/harshit/Amzon-Web-Services/backend/node_modules/router/lib/route.js:117:3)
    at handle (/home/harshit/Amzon-Web-Services/backend/node_modules/router/index.js:435:11)
    at Layer.handleRequest (/home/harshit/Amzon-Web-Services/backend/node_modules/router/lib/layer.js:152:17)
    at /home/harshit/Amzon-Web-Services/backend/node_modules/router/index.js:295:15
    at processParams (/home/harshit/Amzon-Web-Services/backend/node_modules/router/index.js:582:12)
    at next (/home/harshit/Amzon-Web-Services/backend/node_modules/router/index.js:291:5)
2025-11-24 22:01:29 warn: Token not found
2025-11-24 22:01:29 error: JsonWebTokenError: jwt must be provided
    at Object.module.exports [as verify] (/home/harshit/Amzon-Web-Services/backend/node_modules/jsonwebtoken/verify.js:60:17)
    at verifyJwt (/home/harshit/Amzon-Web-Services/backend/src/middlewares/authentication.middleware.ts:34:25)
    at Layer.handleRequest (/home/harshit/Amzon-Web-Services/backend/node_modules/router/lib/layer.js:152:17)
    at next (/home/harshit/Amzon-Web-Services/backend/node_modules/router/lib/route.js:157:13)
    at Route.dispatch (/home/harshit/Amzon-Web-Services/backend/node_modules/router/lib/route.js:117:3)
    at handle (/home/harshit/Amzon-Web-Services/backend/node_modules/router/index.js:435:11)
    at Layer.handleRequest (/home/harshit/Amzon-Web-Services/backend/node_modules/router/lib/layer.js:152:17)
    at /home/harshit/Amzon-Web-Services/backend/node_modules/router/index.js:295:15
    at processParams (/home/harshit/Amzon-Web-Services/backend/node_modules/router/index.js:582:12)
    at next (/home/harshit/Amzon-Web-Services/backend/node_modules/router/index.js:291:5)
2025-11-24 22:02:49 info: MongoDB connected successfully
2025-11-24 22:02:49 warn: Token not found
2025-11-24 22:02:49 error: JsonWebTokenError: jwt must be provided
    at Object.module.exports [as verify] (/home/harshit/Amzon-Web-Services/backend/node_modules/jsonwebtoken/verify.js:60:17)
    at verifyJwt (/home/harshit/Amzon-Web-Services/backend/src/middlewares/authentication.middleware.ts:34:25)
    at Layer.handleRequest (/home/harshit/Amzon-Web-Services/backend/node_modules/router/lib/layer.js:152:17)
    at next (/home/harshit/Amzon-Web-Services/backend/node_modules/router/lib/route.js:157:13)
    at Route.dispatch (/home/harshit/Amzon-Web-Services/backend/node_modules/router/lib/route.js:117:3)
    at handle (/home/harshit/Amzon-Web-Services/backend/node_modules/router/index.js:435:11)
    at Layer.handleRequest (/home/harshit/Amzon-Web-Services/backend/node_modules/router/lib/layer.js:152:17)
    at /home/harshit/Amzon-Web-Services/backend/node_modules/router/index.js:295:15
    at processParams (/home/harshit/Amzon-Web-Services/backend/node_modules/router/index.js:582:12)
    at next (/home/harshit/Amzon-Web-Services/backend/node_modules/router/index.js:291:5)
2025-11-24 22:02:49 warn: Token not found
2025-11-24 22:02:49 error: JsonWebTokenError: jwt must be provided
    at Object.module.exports [as verify] (/home/harshit/Amzon-Web-Services/backend/node_modules/jsonwebtoken/verify.js:60:17)
    at verifyJwt (/home/harshit/Amzon-Web-Services/backend/src/middlewares/authentication.middleware.ts:34:25)
    at Layer.handleRequest (/home/harshit/Amzon-Web-Services/backend/node_modules/router/lib/layer.js:152:17)
    at next (/home/harshit/Amzon-Web-Services/backend/node_modules/router/lib/route.js:157:13)
    at Route.dispatch (/home/harshit/Amzon-Web-Services/backend/node_modules/router/lib/route.js:117:3)
    at handle (/home/harshit/Amzon-Web-Services/backend/node_modules/router/index.js:435:11)
    at Layer.handleRequest (/home/harshit/Amzon-Web-Services/backend/node_modules/router/lib/layer.js:152:17)
    at /home/harshit/Amzon-Web-Services/backend/node_modules/router/index.js:295:15
    at processParams (/home/harshit/Amzon-Web-Services/backend/node_modules/router/index.js:582:12)
    at next (/home/harshit/Amzon-Web-Services/backend/node_modules/router/index.js:291:5)
2025-11-24 22:03:02 info: MongoDB connected successfully
2025-11-24 22:03:04 warn: Token not found
2025-11-24 22:03:04 error: JsonWebTokenError: jwt must be provided
    at Object.module.exports [as verify] (/home/harshit/Amzon-Web-Services/backend/node_modules/jsonwebtoken/verify.js:60:17)
    at verifyJwt (/home/harshit/Amzon-Web-Services/backend/src/middlewares/authentication.middleware.ts:34:25)
    at Layer.handleRequest (/home/harshit/Amzon-Web-Services/backend/node_modules/router/lib/layer.js:152:17)
    at next (/home/harshit/Amzon-Web-Services/backend/node_modules/router/lib/route.js:157:13)
    at Route.dispatch (/home/harshit/Amzon-Web-Services/backend/node_modules/router/lib/route.js:117:3)
    at handle (/home/harshit/Amzon-Web-Services/backend/node_modules/router/index.js:435:11)
    at Layer.handleRequest (/home/harshit/Amzon-Web-Services/backend/node_modules/router/lib/layer.js:152:17)
    at /home/harshit/Amzon-Web-Services/backend/node_modules/router/index.js:295:15
    at processParams (/home/harshit/Amzon-Web-Services/backend/node_modules/router/index.js:582:12)
    at next (/home/harshit/Amzon-Web-Services/backend/node_modules/router/index.js:291:5)
2025-11-24 22:03:24 warn: Token not found
2025-11-24 22:03:24 error: JsonWebTokenError: jwt must be provided
    at Object.module.exports [as verify] (/home/harshit/Amzon-Web-Services/backend/node_modules/jsonwebtoken/verify.js:60:17)
    at verifyJwt (/home/harshit/Amzon-Web-Services/backend/src/middlewares/authentication.middleware.ts:34:25)
    at Layer.handleRequest (/home/harshit/Amzon-Web-Services/backend/node_modules/router/lib/layer.js:152:17)
    at next (/home/harshit/Amzon-Web-Services/backend/node_modules/router/lib/route.js:157:13)
    at Route.dispatch (/home/harshit/Amzon-Web-Services/backend/node_modules/router/lib/route.js:117:3)
    at handle (/home/harshit/Amzon-Web-Services/backend/node_modules/router/index.js:435:11)
    at Layer.handleRequest (/home/harshit/Amzon-Web-Services/backend/node_modules/router/lib/layer.js:152:17)
    at /home/harshit/Amzon-Web-Services/backend/node_modules/router/index.js:295:15
    at processParams (/home/harshit/Amzon-Web-Services/backend/node_modules/router/index.js:582:12)
    at next (/home/harshit/Amzon-Web-Services/backend/node_modules/router/index.js:291:5)
2025-11-24 22:07:05 info: MongoDB connected successfully
2025-11-24 22:07:29 info: MongoDB connected successfully
2025-11-24 22:07:51 info: MongoDB connected successfully
2025-11-24 22:08:02 info: MongoDB connected successfully
2025-11-24 22:08:45 info: MongoDB connected successfully
2025-11-24 22:09:32 info: MongoDB connected successfully
2025-11-24 22:09:45 info: MongoDB connected successfully
2025-11-24 22:10:05 info: MongoDB connected successfully
2025-11-24 22:10:16 warn: Token not found
2025-11-24 22:10:16 error: JsonWebTokenError: jwt must be provided
    at Object.module.exports [as verify] (/home/harshit/Amzon-Web-Services/backend/node_modules/jsonwebtoken/verify.js:60:17)
    at verifyJwt (/home/harshit/Amzon-Web-Services/backend/src/middlewares/authentication.middleware.ts:34:25)
    at Layer.handleRequest (/home/harshit/Amzon-Web-Services/backend/node_modules/router/lib/layer.js:152:17)
    at next (/home/harshit/Amzon-Web-Services/backend/node_modules/router/lib/route.js:157:13)
    at Route.dispatch (/home/harshit/Amzon-Web-Services/backend/node_modules/router/lib/route.js:117:3)
    at handle (/home/harshit/Amzon-Web-Services/backend/node_modules/router/index.js:435:11)
    at Layer.handleRequest (/home/harshit/Amzon-Web-Services/backend/node_modules/router/lib/layer.js:152:17)
    at /home/harshit/Amzon-Web-Services/backend/node_modules/router/index.js:295:15
    at processParams (/home/harshit/Amzon-Web-Services/backend/node_modules/router/index.js:582:12)
    at next (/home/harshit/Amzon-Web-Services/backend/node_modules/router/index.js:291:5)
2025-11-24 22:10:16 warn: Token not found
2025-11-24 22:10:16 error: JsonWebTokenError: jwt must be provided
    at Object.module.exports [as verify] (/home/harshit/Amzon-Web-Services/backend/node_modules/jsonwebtoken/verify.js:60:17)
    at verifyJwt (/home/harshit/Amzon-Web-Services/backend/src/middlewares/authentication.middleware.ts:34:25)
    at Layer.handleRequest (/home/harshit/Amzon-Web-Services/backend/node_modules/router/lib/layer.js:152:17)
    at next (/home/harshit/Amzon-Web-Services/backend/node_modules/router/lib/route.js:157:13)
    at Route.dispatch (/home/harshit/Amzon-Web-Services/backend/node_modules/router/lib/route.js:117:3)
    at handle (/home/harshit/Amzon-Web-Services/backend/node_modules/router/index.js:435:11)
    at Layer.handleRequest (/home/harshit/Amzon-Web-Services/backend/node_modules/router/lib/layer.js:152:17)
    at /home/harshit/Amzon-Web-Services/backend/node_modules/router/index.js:295:15
    at processParams (/home/harshit/Amzon-Web-Services/backend/node_modules/router/index.js:582:12)
    at next (/home/harshit/Amzon-Web-Services/backend/node_modules/router/index.js:291:5)
2025-11-24 22:10:36 warn: Token not found
2025-11-24 22:10:36 error: JsonWebTokenError: jwt must be provided
    at Object.module.exports [as verify] (/home/harshit/Amzon-Web-Services/backend/node_modules/jsonwebtoken/verify.js:60:17)
    at verifyJwt (/home/harshit/Amzon-Web-Services/backend/src/middlewares/authentication.middleware.ts:34:25)
    at Layer.handleRequest (/home/harshit/Amzon-Web-Services/backend/node_modules/router/lib/layer.js:152:17)
    at next (/home/harshit/Amzon-Web-Services/backend/node_modules/router/lib/route.js:157:13)
    at Route.dispatch (/home/harshit/Amzon-Web-Services/backend/node_modules/router/lib/route.js:117:3)
    at handle (/home/harshit/Amzon-Web-Services/backend/node_modules/router/index.js:435:11)
    at Layer.handleRequest (/home/harshit/Amzon-Web-Services/backend/node_modules/router/lib/layer.js:152:17)
    at /home/harshit/Amzon-Web-Services/backend/node_modules/router/index.js:295:15
    at processParams (/home/harshit/Amzon-Web-Services/backend/node_modules/router/index.js:582:12)
    at next (/home/harshit/Amzon-Web-Services/backend/node_modules/router/index.js:291:5)
2025-11-24 22:10:54 info: MongoDB connected successfully
2025-11-24 22:11:16 warn: Token not found
2025-11-24 22:11:16 error: JsonWebTokenError: jwt must be provided
    at Object.module.exports [as verify] (/home/harshit/Amzon-Web-Services/backend/node_modules/jsonwebtoken/verify.js:60:17)
    at verifyJwt (/home/harshit/Amzon-Web-Services/backend/src/middlewares/authentication.middleware.ts:34:25)
    at Layer.handleRequest (/home/harshit/Amzon-Web-Services/backend/node_modules/router/lib/layer.js:152:17)
    at next (/home/harshit/Amzon-Web-Services/backend/node_modules/router/lib/route.js:157:13)
    at Route.dispatch (/home/harshit/Amzon-Web-Services/backend/node_modules/router/lib/route.js:117:3)
    at handle (/home/harshit/Amzon-Web-Services/backend/node_modules/router/index.js:435:11)
    at Layer.handleRequest (/home/harshit/Amzon-Web-Services/backend/node_modules/router/lib/layer.js:152:17)
    at /home/harshit/Amzon-Web-Services/backend/node_modules/router/index.js:295:15
    at processParams (/home/harshit/Amzon-Web-Services/backend/node_modules/router/index.js:582:12)
    at next (/home/harshit/Amzon-Web-Services/backend/node_modules/router/index.js:291:5)
2025-11-24 22:11:36 warn: Token not found
2025-11-24 22:11:36 error: JsonWebTokenError: jwt must be provided
    at Object.module.exports [as verify] (/home/harshit/Amzon-Web-Services/backend/node_modules/jsonwebtoken/verify.js:60:17)
    at verifyJwt (/home/harshit/Amzon-Web-Services/backend/src/middlewares/authentication.middleware.ts:34:25)
    at Layer.handleRequest (/home/harshit/Amzon-Web-Services/backend/node_modules/router/lib/layer.js:152:17)
    at next (/home/harshit/Amzon-Web-Services/backend/node_modules/router/lib/route.js:157:13)
    at Route.dispatch (/home/harshit/Amzon-Web-Services/backend/node_modules/router/lib/route.js:117:3)
    at handle (/home/harshit/Amzon-Web-Services/backend/node_modules/router/index.js:435:11)
    at Layer.handleRequest (/home/harshit/Amzon-Web-Services/backend/node_modules/router/lib/layer.js:152:17)
    at /home/harshit/Amzon-Web-Services/backend/node_modules/router/index.js:295:15
    at processParams (/home/harshit/Amzon-Web-Services/backend/node_modules/router/index.js:582:12)
    at next (/home/harshit/Amzon-Web-Services/backend/node_modules/router/index.js:291:5)
2025-11-24 22:13:37 info: MongoDB connected successfully
2025-11-24 22:13:55 info: MongoDB connected successfully
2025-11-24 22:15:01 info: MongoDB connected successfully
2025-11-24 22:16:43 info: MongoDB connected successfully
2025-11-24 22:16:47 error: Incorrect password
2025-11-24 22:28:06 info: MongoDB connected successfully
2025-11-24 22:38:00 error: Incorrect password
2025-11-24 22:49:38 error: Incorrect password
2025-11-24 22:49:39 error: Incorrect password
2025-11-25 09:44:57 info: MongoDB connected successfully
2025-11-25 10:31:51 info: MongoDB connected successfully
2025-11-25 10:32:04 info: MongoDB connected successfully
2025-11-25 10:32:17 info: MongoDB connected successfully
2025-11-25 10:32:41 info: MongoDB connected successfully
2025-11-25 10:32:56 info: MongoDB connected successfully
2025-11-25 10:33:50 info: MongoDB connected successfully
2025-11-25 10:34:34 info: MongoDB connected successfully
2025-11-25 10:34:46 info: MongoDB connected successfully
2025-11-25 10:35:04 info: MongoDB connected successfully
2025-11-25 10:35:23 info: MongoDB connected successfully
2025-11-25 10:35:42 info: MongoDB connected successfully
2025-11-25 10:36:05 info: MongoDB connected successfully
2025-11-25 10:36:13 info: MongoDB connected successfully
2025-11-25 10:36:20 info: MongoDB connected successfully
2025-11-25 10:36:45 info: MongoDB connected successfully
2025-11-25 10:38:39 info: MongoDB connected successfully
2025-11-25 10:38:55 info: MongoDB connected successfully
2025-11-25 10:39:24 info: MongoDB connected successfully
2025-11-25 10:40:21 info: MongoDB connected successfully
2025-11-25 10:41:15 info: MongoDB connected successfully
2025-11-25 10:44:14 info: MongoDB connected successfully
2025-11-25 10:49:41 info: MongoDB connected successfully
2025-11-25 10:49:54 info: MongoDB connected successfully
2025-11-25 10:50:04 info: MongoDB connected successfully
2025-11-25 10:51:01 info: MongoDB connected successfully
2025-11-25 10:51:22 info: MongoDB connected successfully
2025-11-25 10:51:42 info: MongoDB connected successfully
2025-11-25 10:52:19 info: MongoDB connected successfully
2025-11-25 10:52:36 info: MongoDB connected successfully
2025-11-25 10:52:49 info: MongoDB connected successfully
2025-11-25 10:53:19 info: MongoDB connected successfully
2025-11-25 10:53:25 info: MongoDB connected successfully
2025-11-25 10:53:46 info: MongoDB connected successfully
2025-11-25 10:54:05 info: MongoDB connected successfully
2025-11-25 10:54:15 info: MongoDB connected successfully
2025-11-25 10:56:27 info: MongoDB connected successfully
2025-11-25 10:56:58 info: MongoDB connected successfully
2025-11-25 11:09:12 error: Server error
2025-11-25 11:09:12 error: Server error
2025-11-25 11:09:26 error: Server error
2025-11-25 11:09:56 info: MongoDB connected successfully
2025-11-25 11:10:02 info: MongoDB connected successfully
2025-11-25 11:10:07 error: Password is required
2025-11-25 11:10:14 error: Server error
2025-11-25 11:10:14 error: Server error
2025-11-25 11:11:57 info: MongoDB connected successfully
2025-11-25 11:14:16 info: MongoDB connected successfully
2025-11-25 11:14:55 info: MongoDB connected successfully
2025-11-25 11:15:04 info: MongoDB connected successfully
2025-11-25 11:16:37 info: MongoDB connected successfully
2025-11-25 11:17:46 info: User successfully created
2025-11-25 11:19:57 info: User successfully created
2025-11-25 11:20:33 info: User successfully created
2025-11-25 11:21:32 info: User successfully created
2025-11-25 11:22:14 info: User successfully created
2025-11-25 11:22:48 info: User successfully created
2025-11-25 11:23:36 info: User successfully created
2025-11-25 11:24:37 info: User successfully created
2025-11-25 11:25:12 info: User successfully created
2025-11-25 18:37:05 info: MongoDB connected successfully
2025-11-25 19:18:38 info: MongoDB connected successfully
2025-11-25 19:28:39 info: MongoDB connected successfully
2025-11-25 19:29:00 info: MongoDB connected successfully
2025-11-25 19:29:59 info: MongoDB connected successfully
2025-11-25 19:30:21 info: MongoDB connected successfully
2025-11-25 19:31:13 info: MongoDB connected successfully
2025-11-25 19:31:13 info: MongoDB connected successfully
2025-11-25 19:33:40 info: MongoDB connected successfully
2025-11-25 19:35:57 info: MongoDB connected successfully
2025-11-25 19:37:48 info: MongoDB connected successfully
2025-11-25 19:45:16 info: MongoDB connected successfully
2025-11-25 19:45:28 info: MongoDB connected successfully
2025-11-25 19:47:04 info: MongoDB connected successfully
2025-11-25 19:47:08 warn: Token not found
2025-11-25 19:47:08 error: JsonWebTokenError: jwt must be provided
    at Object.module.exports [as verify] (/home/harshit/Amzon-Web-Services/backend/node_modules/jsonwebtoken/verify.js:60:17)
    at verifyJwt (/home/harshit/Amzon-Web-Services/backend/src/middlewares/authentication.middleware.ts:34:25)
    at Layer.handleRequest (/home/harshit/Amzon-Web-Services/backend/node_modules/router/lib/layer.js:152:17)
    at next (/home/harshit/Amzon-Web-Services/backend/node_modules/router/lib/route.js:157:13)
    at Route.dispatch (/home/harshit/Amzon-Web-Services/backend/node_modules/router/lib/route.js:117:3)
    at handle (/home/harshit/Amzon-Web-Services/backend/node_modules/router/index.js:435:11)
    at Layer.handleRequest (/home/harshit/Amzon-Web-Services/backend/node_modules/router/lib/layer.js:152:17)
    at /home/harshit/Amzon-Web-Services/backend/node_modules/router/index.js:295:15
    at processParams (/home/harshit/Amzon-Web-Services/backend/node_modules/router/index.js:582:12)
    at next (/home/harshit/Amzon-Web-Services/backend/node_modules/router/index.js:291:5)
2025-11-25 19:47:12 warn: Token not found
2025-11-25 19:47:12 error: JsonWebTokenError: jwt must be provided
    at Object.module.exports [as verify] (/home/harshit/Amzon-Web-Services/backend/node_modules/jsonwebtoken/verify.js:60:17)
    at verifyJwt (/home/harshit/Amzon-Web-Services/backend/src/middlewares/authentication.middleware.ts:34:25)
    at Layer.handleRequest (/home/harshit/Amzon-Web-Services/backend/node_modules/router/lib/layer.js:152:17)
    at next (/home/harshit/Amzon-Web-Services/backend/node_modules/router/lib/route.js:157:13)
    at Route.dispatch (/home/harshit/Amzon-Web-Services/backend/node_modules/router/lib/route.js:117:3)
    at handle (/home/harshit/Amzon-Web-Services/backend/node_modules/router/index.js:435:11)
    at Layer.handleRequest (/home/harshit/Amzon-Web-Services/backend/node_modules/router/lib/layer.js:152:17)
    at /home/harshit/Amzon-Web-Services/backend/node_modules/router/index.js:295:15
    at processParams (/home/harshit/Amzon-Web-Services/backend/node_modules/router/index.js:582:12)
    at next (/home/harshit/Amzon-Web-Services/backend/node_modules/router/index.js:291:5)
2025-11-25 19:47:29 warn: Token not found
2025-11-25 19:47:29 error: JsonWebTokenError: jwt must be provided
    at Object.module.exports [as verify] (/home/harshit/Amzon-Web-Services/backend/node_modules/jsonwebtoken/verify.js:60:17)
    at verifyJwt (/home/harshit/Amzon-Web-Services/backend/src/middlewares/authentication.middleware.ts:34:25)
    at Layer.handleRequest (/home/harshit/Amzon-Web-Services/backend/node_modules/router/lib/layer.js:152:17)
    at next (/home/harshit/Amzon-Web-Services/backend/node_modules/router/lib/route.js:157:13)
    at Route.dispatch (/home/harshit/Amzon-Web-Services/backend/node_modules/router/lib/route.js:117:3)
    at handle (/home/harshit/Amzon-Web-Services/backend/node_modules/router/index.js:435:11)
    at Layer.handleRequest (/home/harshit/Amzon-Web-Services/backend/node_modules/router/lib/layer.js:152:17)
    at /home/harshit/Amzon-Web-Services/backend/node_modules/router/index.js:295:15
    at processParams (/home/harshit/Amzon-Web-Services/backend/node_modules/router/index.js:582:12)
    at next (/home/harshit/Amzon-Web-Services/backend/node_modules/router/index.js:291:5)
2025-11-25 19:47:49 warn: Token not found
2025-11-25 19:47:49 error: JsonWebTokenError: jwt must be provided
    at Object.module.exports [as verify] (/home/harshit/Amzon-Web-Services/backend/node_modules/jsonwebtoken/verify.js:60:17)
    at verifyJwt (/home/harshit/Amzon-Web-Services/backend/src/middlewares/authentication.middleware.ts:34:25)
    at Layer.handleRequest (/home/harshit/Amzon-Web-Services/backend/node_modules/router/lib/layer.js:152:17)
    at next (/home/harshit/Amzon-Web-Services/backend/node_modules/router/lib/route.js:157:13)
    at Route.dispatch (/home/harshit/Amzon-Web-Services/backend/node_modules/router/lib/route.js:117:3)
    at handle (/home/harshit/Amzon-Web-Services/backend/node_modules/router/index.js:435:11)
    at Layer.handleRequest (/home/harshit/Amzon-Web-Services/backend/node_modules/router/lib/layer.js:152:17)
    at /home/harshit/Amzon-Web-Services/backend/node_modules/router/index.js:295:15
    at processParams (/home/harshit/Amzon-Web-Services/backend/node_modules/router/index.js:582:12)
    at next (/home/harshit/Amzon-Web-Services/backend/node_modules/router/index.js:291:5)
2025-11-25 19:48:52 info: MongoDB connected successfully
2025-11-25 19:51:09 info: MongoDB connected successfully
2025-11-25 19:56:12 info: MongoDB connected successfully
2025-11-25 19:56:24 warn: Token not found
2025-11-25 19:56:24 error: JsonWebTokenError: jwt must be provided
    at Object.module.exports [as verify] (/home/harshit/Amzon-Web-Services/backend/node_modules/jsonwebtoken/verify.js:60:17)
    at verifyJwt (/home/harshit/Amzon-Web-Services/backend/src/middlewares/authentication.middleware.ts:34:25)
    at Layer.handleRequest (/home/harshit/Amzon-Web-Services/backend/node_modules/router/lib/layer.js:152:17)
    at next (/home/harshit/Amzon-Web-Services/backend/node_modules/router/lib/route.js:157:13)
    at Route.dispatch (/home/harshit/Amzon-Web-Services/backend/node_modules/router/lib/route.js:117:3)
    at handle (/home/harshit/Amzon-Web-Services/backend/node_modules/router/index.js:435:11)
    at Layer.handleRequest (/home/harshit/Amzon-Web-Services/backend/node_modules/router/lib/layer.js:152:17)
    at /home/harshit/Amzon-Web-Services/backend/node_modules/router/index.js:295:15
    at processParams (/home/harshit/Amzon-Web-Services/backend/node_modules/router/index.js:582:12)
    at next (/home/harshit/Amzon-Web-Services/backend/node_modules/router/index.js:291:5)
2025-11-25 19:56:44 warn: Token not found
2025-11-25 19:56:44 error: JsonWebTokenError: jwt must be provided
    at Object.module.exports [as verify] (/home/harshit/Amzon-Web-Services/backend/node_modules/jsonwebtoken/verify.js:60:17)
    at verifyJwt (/home/harshit/Amzon-Web-Services/backend/src/middlewares/authentication.middleware.ts:34:25)
    at Layer.handleRequest (/home/harshit/Amzon-Web-Services/backend/node_modules/router/lib/layer.js:152:17)
    at next (/home/harshit/Amzon-Web-Services/backend/node_modules/router/lib/route.js:157:13)
    at Route.dispatch (/home/harshit/Amzon-Web-Services/backend/node_modules/router/lib/route.js:117:3)
    at handle (/home/harshit/Amzon-Web-Services/backend/node_modules/router/index.js:435:11)
    at Layer.handleRequest (/home/harshit/Amzon-Web-Services/backend/node_modules/router/lib/layer.js:152:17)
    at /home/harshit/Amzon-Web-Services/backend/node_modules/router/index.js:295:15
    at processParams (/home/harshit/Amzon-Web-Services/backend/node_modules/router/index.js:582:12)
    at next (/home/harshit/Amzon-Web-Services/backend/node_modules/router/index.js:291:5)
2025-11-25 19:59:08 warn: Token not found
2025-11-25 19:59:08 error: JsonWebTokenError: jwt must be provided
    at Object.module.exports [as verify] (/home/harshit/Amzon-Web-Services/backend/node_modules/jsonwebtoken/verify.js:60:17)
    at verifyJwt (/home/harshit/Amzon-Web-Services/backend/src/middlewares/authentication.middleware.ts:34:25)
    at Layer.handleRequest (/home/harshit/Amzon-Web-Services/backend/node_modules/router/lib/layer.js:152:17)
    at next (/home/harshit/Amzon-Web-Services/backend/node_modules/router/lib/route.js:157:13)
    at Route.dispatch (/home/harshit/Amzon-Web-Services/backend/node_modules/router/lib/route.js:117:3)
    at handle (/home/harshit/Amzon-Web-Services/backend/node_modules/router/index.js:435:11)
    at Layer.handleRequest (/home/harshit/Amzon-Web-Services/backend/node_modules/router/lib/layer.js:152:17)
    at /home/harshit/Amzon-Web-Services/backend/node_modules/router/index.js:295:15
    at processParams (/home/harshit/Amzon-Web-Services/backend/node_modules/router/index.js:582:12)
    at next (/home/harshit/Amzon-Web-Services/backend/node_modules/router/index.js:291:5)
2025-11-25 19:59:11 warn: Token not found
2025-11-25 19:59:11 error: JsonWebTokenError: jwt must be provided
    at Object.module.exports [as verify] (/home/harshit/Amzon-Web-Services/backend/node_modules/jsonwebtoken/verify.js:60:17)
    at verifyJwt (/home/harshit/Amzon-Web-Services/backend/src/middlewares/authentication.middleware.ts:34:25)
    at Layer.handleRequest (/home/harshit/Amzon-Web-Services/backend/node_modules/router/lib/layer.js:152:17)
    at next (/home/harshit/Amzon-Web-Services/backend/node_modules/router/lib/route.js:157:13)
    at Route.dispatch (/home/harshit/Amzon-Web-Services/backend/node_modules/router/lib/route.js:117:3)
    at handle (/home/harshit/Amzon-Web-Services/backend/node_modules/router/index.js:435:11)
    at Layer.handleRequest (/home/harshit/Amzon-Web-Services/backend/node_modules/router/lib/layer.js:152:17)
    at /home/harshit/Amzon-Web-Services/backend/node_modules/router/index.js:295:15
    at processParams (/home/harshit/Amzon-Web-Services/backend/node_modules/router/index.js:582:12)
    at next (/home/harshit/Amzon-Web-Services/backend/node_modules/router/index.js:291:5)
2025-11-25 19:59:45 info: MongoDB connected successfully
2025-11-25 21:56:56 info: MongoDB connected successfully
2025-11-25 21:57:06 error: Password is required
2025-11-26 13:59:39 info: MongoDB connected successfully
2025-11-26 18:16:44 info: MongoDB connected successfully
2025-11-26 18:18:22 info: MongoDB connected successfully
2025-11-26 18:22:43 info: MongoDB connected successfully
2025-11-26 18:29:11 info: MongoDB connected successfully
2025-11-26 18:30:01 error: ValidationError: Atleast add more than 2 characters
2025-11-26 18:30:36 info: MongoDB connected successfully
2025-11-26 18:30:36 info: MongoDB connected successfully
2025-11-26 18:31:41 info: MongoDB connected successfully
2025-11-26 18:31:51 error: ValidationError: Atleast add more than 2 characters
2025-11-26 18:32:10 error: ValidationError: Tweet should be less than 280 characters
2025-11-26 18:43:13 error: ValidationError: Atleast add more than 2 characters
2025-11-26 18:56:32 info: MongoDB connected successfully
2025-11-26 18:56:47 info: MongoDB connected successfully
2025-11-26 18:57:07 info: MongoDB connected successfully
2025-11-26 18:57:30 info: MongoDB connected successfully
2025-11-26 19:00:45 info: MongoDB connected successfully
2025-11-26 19:02:22 info: MongoDB connected successfully
2025-11-26 19:09:52 info: MongoDB connected successfully
2025-11-26 19:34:00 info: MongoDB connected successfully
2025-11-26 19:38:01 info: MongoDB connected successfully
2025-11-26 19:55:21 info: MongoDB connected successfully
2025-11-26 20:53:34 info: MongoDB connected successfully
2025-11-26 20:59:09 info: MongoDB connected successfully
2025-11-26 21:15:09 info: MongoDB connected successfully
2025-11-26 21:17:21 info: MongoDB connected successfully
2025-11-26 21:17:39 info: MongoDB connected successfully
2025-11-26 21:17:56 info: MongoDB connected successfully
2025-11-26 21:18:35 info: MongoDB connected successfully
2025-11-26 21:18:57 info: MongoDB connected successfully
2025-11-26 21:19:18 info: MongoDB connected successfully
2025-11-26 21:23:15 info: MongoDB connected successfully
2025-11-26 21:23:55 info: MongoDB connected successfully
2025-11-26 21:26:38 info: MongoDB connected successfully
2025-11-26 21:32:32 info: MongoDB connected successfully
2025-11-28 12:44:46 info: MongoDB connected successfully
2025-11-28 12:44:58 error: TokenExpiredError: jwt expired
    at /home/harshit/Amzon-Web-Services/backend/node_modules/jsonwebtoken/verify.js:190:21
    at getSecret (/home/harshit/Amzon-Web-Services/backend/node_modules/jsonwebtoken/verify.js:97:14)
    at Object.module.exports [as verify] (/home/harshit/Amzon-Web-Services/backend/node_modules/jsonwebtoken/verify.js:101:10)
    at verifyJwt (/home/harshit/Amzon-Web-Services/backend/src/middlewares/authentication.middleware.ts:32:25)
    at Layer.handleRequest (/home/harshit/Amzon-Web-Services/backend/node_modules/router/lib/layer.js:152:17)
    at next (/home/harshit/Amzon-Web-Services/backend/node_modules/router/lib/route.js:157:13)
    at Route.dispatch (/home/harshit/Amzon-Web-Services/backend/node_modules/router/lib/route.js:117:3)
    at handle (/home/harshit/Amzon-Web-Services/backend/node_modules/router/index.js:435:11)
    at Layer.handleRequest (/home/harshit/Amzon-Web-Services/backend/node_modules/router/lib/layer.js:152:17)
    at /home/harshit/Amzon-Web-Services/backend/node_modules/router/index.js:295:15
2025-11-28 12:45:18 error: TokenExpiredError: jwt expired
    at /home/harshit/Amzon-Web-Services/backend/node_modules/jsonwebtoken/verify.js:190:21
    at getSecret (/home/harshit/Amzon-Web-Services/backend/node_modules/jsonwebtoken/verify.js:97:14)
    at Object.module.exports [as verify] (/home/harshit/Amzon-Web-Services/backend/node_modules/jsonwebtoken/verify.js:101:10)
    at verifyJwt (/home/harshit/Amzon-Web-Services/backend/src/middlewares/authentication.middleware.ts:32:25)
    at Layer.handleRequest (/home/harshit/Amzon-Web-Services/backend/node_modules/router/lib/layer.js:152:17)
    at next (/home/harshit/Amzon-Web-Services/backend/node_modules/router/lib/route.js:157:13)
    at Route.dispatch (/home/harshit/Amzon-Web-Services/backend/node_modules/router/lib/route.js:117:3)
    at handle (/home/harshit/Amzon-Web-Services/backend/node_modules/router/index.js:435:11)
    at Layer.handleRequest (/home/harshit/Amzon-Web-Services/backend/node_modules/router/lib/layer.js:152:17)
    at /home/harshit/Amzon-Web-Services/backend/node_modules/router/index.js:295:15
2025-11-28 12:47:33 warn: Token not found
2025-11-28 12:47:33 error: JsonWebTokenError: jwt must be provided
    at Object.module.exports [as verify] (/home/harshit/Amzon-Web-Services/backend/node_modules/jsonwebtoken/verify.js:60:17)
    at verifyJwt (/home/harshit/Amzon-Web-Services/backend/src/middlewares/authentication.middleware.ts:32:25)
    at Layer.handleRequest (/home/harshit/Amzon-Web-Services/backend/node_modules/router/lib/layer.js:152:17)
    at next (/home/harshit/Amzon-Web-Services/backend/node_modules/router/lib/route.js:157:13)
    at Route.dispatch (/home/harshit/Amzon-Web-Services/backend/node_modules/router/lib/route.js:117:3)
    at handle (/home/harshit/Amzon-Web-Services/backend/node_modules/router/index.js:435:11)
    at Layer.handleRequest (/home/harshit/Amzon-Web-Services/backend/node_modules/router/lib/layer.js:152:17)
    at /home/harshit/Amzon-Web-Services/backend/node_modules/router/index.js:295:15
    at processParams (/home/harshit/Amzon-Web-Services/backend/node_modules/router/index.js:582:12)
    at next (/home/harshit/Amzon-Web-Services/backend/node_modules/router/index.js:291:5)
2025-11-28 12:47:54 info: MongoDB connected successfully
2025-11-28 12:48:07 warn: Token not found
2025-11-28 12:48:07 error: JsonWebTokenError: jwt must be provided
    at Object.module.exports [as verify] (/home/harshit/Amzon-Web-Services/backend/node_modules/jsonwebtoken/verify.js:60:17)
    at verifyJwt (/home/harshit/Amzon-Web-Services/backend/src/middlewares/authentication.middleware.ts:32:25)
    at Layer.handleRequest (/home/harshit/Amzon-Web-Services/backend/node_modules/router/lib/layer.js:152:17)
    at next (/home/harshit/Amzon-Web-Services/backend/node_modules/router/lib/route.js:157:13)
    at Route.dispatch (/home/harshit/Amzon-Web-Services/backend/node_modules/router/lib/route.js:117:3)
    at handle (/home/harshit/Amzon-Web-Services/backend/node_modules/router/index.js:435:11)
    at Layer.handleRequest (/home/harshit/Amzon-Web-Services/backend/node_modules/router/lib/layer.js:152:17)
    at /home/harshit/Amzon-Web-Services/backend/node_modules/router/index.js:295:15
    at processParams (/home/harshit/Amzon-Web-Services/backend/node_modules/router/index.js:582:12)
    at next (/home/harshit/Amzon-Web-Services/backend/node_modules/router/index.js:291:5)
2025-11-28 12:48:27 warn: Token not found
2025-11-28 12:48:27 error: JsonWebTokenError: jwt must be provided
    at Object.module.exports [as verify] (/home/harshit/Amzon-Web-Services/backend/node_modules/jsonwebtoken/verify.js:60:17)
    at verifyJwt (/home/harshit/Amzon-Web-Services/backend/src/middlewares/authentication.middleware.ts:32:25)
    at Layer.handleRequest (/home/harshit/Amzon-Web-Services/backend/node_modules/router/lib/layer.js:152:17)
    at next (/home/harshit/Amzon-Web-Services/backend/node_modules/router/lib/route.js:157:13)
    at Route.dispatch (/home/harshit/Amzon-Web-Services/backend/node_modules/router/lib/route.js:117:3)
    at handle (/home/harshit/Amzon-Web-Services/backend/node_modules/router/index.js:435:11)
    at Layer.handleRequest (/home/harshit/Amzon-Web-Services/backend/node_modules/router/lib/layer.js:152:17)
    at /home/harshit/Amzon-Web-Services/backend/node_modules/router/index.js:295:15
    at processParams (/home/harshit/Amzon-Web-Services/backend/node_modules/router/index.js:582:12)
    at next (/home/harshit/Amzon-Web-Services/backend/node_modules/router/index.js:291:5)
2025-11-28 12:49:14 info: MongoDB connected successfully
2025-11-28 12:49:27 info: MongoDB connected successfully
2025-11-28 12:50:30 info: MongoDB connected successfully
2025-11-28 12:50:40 warn: Token not found
2025-11-28 12:50:40 error: JsonWebTokenError: jwt must be provided
    at Object.module.exports [as verify] (/home/harshit/Amzon-Web-Services/backend/node_modules/jsonwebtoken/verify.js:60:17)
    at verifyJwt (/home/harshit/Amzon-Web-Services/backend/src/middlewares/authentication.middleware.ts:32:25)
    at Layer.handleRequest (/home/harshit/Amzon-Web-Services/backend/node_modules/router/lib/layer.js:152:17)
    at next (/home/harshit/Amzon-Web-Services/backend/node_modules/router/lib/route.js:157:13)
    at Route.dispatch (/home/harshit/Amzon-Web-Services/backend/node_modules/router/lib/route.js:117:3)
    at handle (/home/harshit/Amzon-Web-Services/backend/node_modules/router/index.js:435:11)
    at Layer.handleRequest (/home/harshit/Amzon-Web-Services/backend/node_modules/router/lib/layer.js:152:17)
    at /home/harshit/Amzon-Web-Services/backend/node_modules/router/index.js:295:15
    at processParams (/home/harshit/Amzon-Web-Services/backend/node_modules/router/index.js:582:12)
    at next (/home/harshit/Amzon-Web-Services/backend/node_modules/router/index.js:291:5)
2025-11-28 13:00:54 info: MongoDB connected successfully
2025-11-28 13:01:04 info: MongoDB connected successfully
2025-11-28 13:02:04 info: MongoDB connected successfully
2025-11-28 13:04:00 info: MongoDB connected successfully
2025-11-28 13:11:13 error: MongoServerError: E11000 duplicate key error collection: Crudder.followers index: userWhoIsGettingFollowed_1_userWhoIsFollowingId_1 dup key: { userWhoIsGettingFollowed: ObjectId('692543843904a7c042fd075f'), userWhoIsFollowingId: ObjectId('69244984dcce592be424542b') }
    at InsertOneOperation.handleOk (/home/harshit/Amzon-Web-Services/backend/node_modules/mongodb/src/operations/insert.ts:79:13)
    at tryOperation (/home/harshit/Amzon-Web-Services/backend/node_modules/mongodb/src/operations/execute_operation.ts:294:26)
    at processTicksAndRejections (node:internal/process/task_queues:103:5)
    at async executeOperation (/home/harshit/Amzon-Web-Services/backend/node_modules/mongodb/src/operations/execute_operation.ts:123:12)
    at async Collection.insertOne (/home/harshit/Amzon-Web-Services/backend/node_modules/mongodb/src/collection.ts:294:12)
    at async model.$__save (/home/harshit/Amzon-Web-Services/backend/node_modules/mongoose/lib/model.js:398:16)
    at async model.save (/home/harshit/Amzon-Web-Services/backend/node_modules/mongoose/lib/model.js:609:5)
    at async /home/harshit/Amzon-Web-Services/backend/node_modules/mongoose/lib/model.js:2722:9
    at async Promise.all (index 0)
    at async model.create (/home/harshit/Amzon-Web-Services/backend/node_modules/mongoose/lib/model.js:2707:11)
2025-11-28 13:11:13 error: ValidationError: Notification validation failed: type: `fiollow` is not a valid enum value for path `type`.
    at model.Document.invalidate (/home/harshit/Amzon-Web-Services/backend/node_modules/mongoose/lib/document.js:3365:32)
    at validatePath (/home/harshit/Amzon-Web-Services/backend/node_modules/mongoose/lib/document.js:3140:13)
    at processTicksAndRejections (node:internal/process/task_queues:103:5)
    at async Promise.all (index 2)
    at async model.$__validate (/home/harshit/Amzon-Web-Services/backend/node_modules/mongoose/lib/document.js:3081:3)
    at async model.validate (/home/harshit/Amzon-Web-Services/backend/node_modules/mongoose/lib/document.js:2663:5)
    at async model.validateBeforeSave (/home/harshit/Amzon-Web-Services/backend/node_modules/mongoose/lib/plugins/validateBeforeSave.js:34:7)
    at async Kareem.execPre (/home/harshit/Amzon-Web-Services/backend/node_modules/kareem/index.js:65:24)
    at async model.$__save (/home/harshit/Amzon-Web-Services/backend/node_modules/mongoose/lib/model.js:369:5)
    at async model.save (/home/harshit/Amzon-Web-Services/backend/node_modules/mongoose/lib/model.js:609:5)
2025-11-28 13:11:13 error: ValidationError: Notification validation failed: type: `fiollow` is not a valid enum value for path `type`.
    at model.Document.invalidate (/home/harshit/Amzon-Web-Services/backend/node_modules/mongoose/lib/document.js:3365:32)
    at validatePath (/home/harshit/Amzon-Web-Services/backend/node_modules/mongoose/lib/document.js:3140:13)
    at processTicksAndRejections (node:internal/process/task_queues:103:5)
    at async Promise.all (index 2)
    at async model.$__validate (/home/harshit/Amzon-Web-Services/backend/node_modules/mongoose/lib/document.js:3081:3)
    at async model.validate (/home/harshit/Amzon-Web-Services/backend/node_modules/mongoose/lib/document.js:2663:5)
    at async model.validateBeforeSave (/home/harshit/Amzon-Web-Services/backend/node_modules/mongoose/lib/plugins/validateBeforeSave.js:34:7)
    at async Kareem.execPre (/home/harshit/Amzon-Web-Services/backend/node_modules/kareem/index.js:65:24)
    at async model.$__save (/home/harshit/Amzon-Web-Services/backend/node_modules/mongoose/lib/model.js:369:5)
    at async model.save (/home/harshit/Amzon-Web-Services/backend/node_modules/mongoose/lib/model.js:609:5)
2025-11-28 13:11:13 error: ValidationError: Notification validation failed: type: `fiollow` is not a valid enum value for path `type`.
    at model.Document.invalidate (/home/harshit/Amzon-Web-Services/backend/node_modules/mongoose/lib/document.js:3365:32)
    at validatePath (/home/harshit/Amzon-Web-Services/backend/node_modules/mongoose/lib/document.js:3140:13)
    at processTicksAndRejections (node:internal/process/task_queues:103:5)
    at async Promise.all (index 2)
    at async model.$__validate (/home/harshit/Amzon-Web-Services/backend/node_modules/mongoose/lib/document.js:3081:3)
    at async model.validate (/home/harshit/Amzon-Web-Services/backend/node_modules/mongoose/lib/document.js:2663:5)
    at async model.validateBeforeSave (/home/harshit/Amzon-Web-Services/backend/node_modules/mongoose/lib/plugins/validateBeforeSave.js:34:7)
    at async Kareem.execPre (/home/harshit/Amzon-Web-Services/backend/node_modules/kareem/index.js:65:24)
    at async model.$__save (/home/harshit/Amzon-Web-Services/backend/node_modules/mongoose/lib/model.js:369:5)
    at async model.save (/home/harshit/Amzon-Web-Services/backend/node_modules/mongoose/lib/model.js:609:5)
2025-11-28 13:11:17 error: MongoServerError: E11000 duplicate key error collection: Crudder.followers index: userWhoIsGettingFollowed_1_userWhoIsFollowingId_1 dup key: { userWhoIsGettingFollowed: ObjectId('692544303904a7c042fd0783'), userWhoIsFollowingId: ObjectId('69244984dcce592be424542b') }
    at InsertOneOperation.handleOk (/home/harshit/Amzon-Web-Services/backend/node_modules/mongodb/src/operations/insert.ts:79:13)
    at tryOperation (/home/harshit/Amzon-Web-Services/backend/node_modules/mongodb/src/operations/execute_operation.ts:294:26)
    at processTicksAndRejections (node:internal/process/task_queues:103:5)
    at async executeOperation (/home/harshit/Amzon-Web-Services/backend/node_modules/mongodb/src/operations/execute_operation.ts:123:12)
    at async Collection.insertOne (/home/harshit/Amzon-Web-Services/backend/node_modules/mongodb/src/collection.ts:294:12)
    at async model.$__save (/home/harshit/Amzon-Web-Services/backend/node_modules/mongoose/lib/model.js:398:16)
    at async model.save (/home/harshit/Amzon-Web-Services/backend/node_modules/mongoose/lib/model.js:609:5)
    at async /home/harshit/Amzon-Web-Services/backend/node_modules/mongoose/lib/model.js:2722:9
    at async Promise.all (index 0)
    at async model.create (/home/harshit/Amzon-Web-Services/backend/node_modules/mongoose/lib/model.js:2707:11)
2025-11-28 13:11:17 error: MongoServerError: E11000 duplicate key error collection: Crudder.followers index: userWhoIsGettingFollowed_1_userWhoIsFollowingId_1 dup key: { userWhoIsGettingFollowed: ObjectId('692543013904a7c042fd0756'), userWhoIsFollowingId: ObjectId('69244984dcce592be424542b') }
    at InsertOneOperation.handleOk (/home/harshit/Amzon-Web-Services/backend/node_modules/mongodb/src/operations/insert.ts:79:13)
    at tryOperation (/home/harshit/Amzon-Web-Services/backend/node_modules/mongodb/src/operations/execute_operation.ts:294:26)
    at processTicksAndRejections (node:internal/process/task_queues:103:5)
    at async executeOperation (/home/harshit/Amzon-Web-Services/backend/node_modules/mongodb/src/operations/execute_operation.ts:123:12)
    at async Collection.insertOne (/home/harshit/Amzon-Web-Services/backend/node_modules/mongodb/src/collection.ts:294:12)
    at async model.$__save (/home/harshit/Amzon-Web-Services/backend/node_modules/mongoose/lib/model.js:398:16)
    at async model.save (/home/harshit/Amzon-Web-Services/backend/node_modules/mongoose/lib/model.js:609:5)
    at async /home/harshit/Amzon-Web-Services/backend/node_modules/mongoose/lib/model.js:2722:9
    at async Promise.all (index 0)
    at async model.create (/home/harshit/Amzon-Web-Services/backend/node_modules/mongoose/lib/model.js:2707:11)
2025-11-28 13:11:17 error: ValidationError: Notification validation failed: type: `fiollow` is not a valid enum value for path `type`.
    at model.Document.invalidate (/home/harshit/Amzon-Web-Services/backend/node_modules/mongoose/lib/document.js:3365:32)
    at validatePath (/home/harshit/Amzon-Web-Services/backend/node_modules/mongoose/lib/document.js:3140:13)
    at processTicksAndRejections (node:internal/process/task_queues:103:5)
    at async Promise.all (index 2)
    at async model.$__validate (/home/harshit/Amzon-Web-Services/backend/node_modules/mongoose/lib/document.js:3081:3)
    at async model.validate (/home/harshit/Amzon-Web-Services/backend/node_modules/mongoose/lib/document.js:2663:5)
    at async model.validateBeforeSave (/home/harshit/Amzon-Web-Services/backend/node_modules/mongoose/lib/plugins/validateBeforeSave.js:34:7)
    at async Kareem.execPre (/home/harshit/Amzon-Web-Services/backend/node_modules/kareem/index.js:65:24)
    at async model.$__save (/home/harshit/Amzon-Web-Services/backend/node_modules/mongoose/lib/model.js:369:5)
    at async model.save (/home/harshit/Amzon-Web-Services/backend/node_modules/mongoose/lib/model.js:609:5)
2025-11-28 13:11:17 error: ValidationError: Notification validation failed: type: `fiollow` is not a valid enum value for path `type`.
    at model.Document.invalidate (/home/harshit/Amzon-Web-Services/backend/node_modules/mongoose/lib/document.js:3365:32)
    at validatePath (/home/harshit/Amzon-Web-Services/backend/node_modules/mongoose/lib/document.js:3140:13)
    at processTicksAndRejections (node:internal/process/task_queues:103:5)
    at async Promise.all (index 2)
    at async model.$__validate (/home/harshit/Amzon-Web-Services/backend/node_modules/mongoose/lib/document.js:3081:3)
    at async model.validate (/home/harshit/Amzon-Web-Services/backend/node_modules/mongoose/lib/document.js:2663:5)
    at async model.validateBeforeSave (/home/harshit/Amzon-Web-Services/backend/node_modules/mongoose/lib/plugins/validateBeforeSave.js:34:7)
    at async Kareem.execPre (/home/harshit/Amzon-Web-Services/backend/node_modules/kareem/index.js:65:24)
    at async model.$__save (/home/harshit/Amzon-Web-Services/backend/node_modules/mongoose/lib/model.js:369:5)
    at async model.save (/home/harshit/Amzon-Web-Services/backend/node_modules/mongoose/lib/model.js:609:5)
2025-11-28 13:21:14 error: ValidationError: Notification validation failed: type: `fiollow` is not a valid enum value for path `type`.
    at model.Document.invalidate (/home/harshit/Amzon-Web-Services/backend/node_modules/mongoose/lib/document.js:3365:32)
    at validatePath (/home/harshit/Amzon-Web-Services/backend/node_modules/mongoose/lib/document.js:3140:13)
    at processTicksAndRejections (node:internal/process/task_queues:103:5)
    at async Promise.all (index 2)
    at async model.$__validate (/home/harshit/Amzon-Web-Services/backend/node_modules/mongoose/lib/document.js:3081:3)
    at async model.validate (/home/harshit/Amzon-Web-Services/backend/node_modules/mongoose/lib/document.js:2663:5)
    at async model.validateBeforeSave (/home/harshit/Amzon-Web-Services/backend/node_modules/mongoose/lib/plugins/validateBeforeSave.js:34:7)
    at async Kareem.execPre (/home/harshit/Amzon-Web-Services/backend/node_modules/kareem/index.js:65:24)
    at async model.$__save (/home/harshit/Amzon-Web-Services/backend/node_modules/mongoose/lib/model.js:369:5)
    at async model.save (/home/harshit/Amzon-Web-Services/backend/node_modules/mongoose/lib/model.js:609:5)
2025-11-28 14:23:49 info: MongoDB connected successfully
2025-11-28 14:23:58 error: ValidationError: Notification validation failed: type: `fiollow` is not a valid enum value for path `type`.
    at model.Document.invalidate (/home/harshit/Amzon-Web-Services/backend/node_modules/mongoose/lib/document.js:3365:32)
    at validatePath (/home/harshit/Amzon-Web-Services/backend/node_modules/mongoose/lib/document.js:3140:13)
    at processTicksAndRejections (node:internal/process/task_queues:103:5)
    at async Promise.all (index 2)
    at async model.$__validate (/home/harshit/Amzon-Web-Services/backend/node_modules/mongoose/lib/document.js:3081:3)
    at async model.validate (/home/harshit/Amzon-Web-Services/backend/node_modules/mongoose/lib/document.js:2663:5)
    at async model.validateBeforeSave (/home/harshit/Amzon-Web-Services/backend/node_modules/mongoose/lib/plugins/validateBeforeSave.js:34:7)
    at async Kareem.execPre (/home/harshit/Amzon-Web-Services/backend/node_modules/kareem/index.js:65:24)
    at async model.$__save (/home/harshit/Amzon-Web-Services/backend/node_modules/mongoose/lib/model.js:369:5)
    at async model.save (/home/harshit/Amzon-Web-Services/backend/node_modules/mongoose/lib/model.js:609:5)
2025-11-28 14:24:26 error: ValidationError: Notification validation failed: type: `fiollow` is not a valid enum value for path `type`.
    at model.Document.invalidate (/home/harshit/Amzon-Web-Services/backend/node_modules/mongoose/lib/document.js:3365:32)
    at validatePath (/home/harshit/Amzon-Web-Services/backend/node_modules/mongoose/lib/document.js:3140:13)
    at processTicksAndRejections (node:internal/process/task_queues:103:5)
    at async Promise.all (index 2)
    at async model.$__validate (/home/harshit/Amzon-Web-Services/backend/node_modules/mongoose/lib/document.js:3081:3)
    at async model.validate (/home/harshit/Amzon-Web-Services/backend/node_modules/mongoose/lib/document.js:2663:5)
    at async model.validateBeforeSave (/home/harshit/Amzon-Web-Services/backend/node_modules/mongoose/lib/plugins/validateBeforeSave.js:34:7)
    at async Kareem.execPre (/home/harshit/Amzon-Web-Services/backend/node_modules/kareem/index.js:65:24)
    at async model.$__save (/home/harshit/Amzon-Web-Services/backend/node_modules/mongoose/lib/model.js:369:5)
    at async model.save (/home/harshit/Amzon-Web-Services/backend/node_modules/mongoose/lib/model.js:609:5)
2025-11-28 14:31:34 info: MongoDB connected successfully
2025-11-28 14:32:09 info: MongoDB connected successfully
2025-11-28 14:32:20 info: MongoDB connected successfully
2025-11-28 14:32:34 info: MongoDB connected successfully
2025-11-28 14:32:51 info: MongoDB connected successfully
2025-11-28 14:34:00 info: MongoDB connected successfully
2025-11-28 14:34:07 info: MongoDB connected successfully
2025-11-28 14:34:14 info: MongoDB connected successfully
2025-11-28 14:34:50 info: MongoDB connected successfully
2025-11-28 14:35:57 info: MongoDB connected successfully
2025-11-28 14:36:59 info: MongoDB connected successfully
2025-11-28 14:39:16 info: MongoDB connected successfully
2025-11-28 14:39:26 info: MongoDB connected successfully
2025-11-28 14:39:43 error: ValidationError: Notification validation failed: type: `fiollow` is not a valid enum value for path `type`.
    at model.Document.invalidate (/home/harshit/Amzon-Web-Services/backend/node_modules/mongoose/lib/document.js:3365:32)
    at validatePath (/home/harshit/Amzon-Web-Services/backend/node_modules/mongoose/lib/document.js:3140:13)
    at processTicksAndRejections (node:internal/process/task_queues:103:5)
    at async Promise.all (index 2)
    at async model.$__validate (/home/harshit/Amzon-Web-Services/backend/node_modules/mongoose/lib/document.js:3081:3)
    at async model.validate (/home/harshit/Amzon-Web-Services/backend/node_modules/mongoose/lib/document.js:2663:5)
    at async model.validateBeforeSave (/home/harshit/Amzon-Web-Services/backend/node_modules/mongoose/lib/plugins/validateBeforeSave.js:34:7)
    at async Kareem.execPre (/home/harshit/Amzon-Web-Services/backend/node_modules/kareem/index.js:65:24)
    at async model.$__save (/home/harshit/Amzon-Web-Services/backend/node_modules/mongoose/lib/model.js:369:5)
    at async model.save (/home/harshit/Amzon-Web-Services/backend/node_modules/mongoose/lib/model.js:609:5)
2025-11-28 14:40:04 info: MongoDB connected successfully
2025-11-28 14:40:41 error: ValidationError: Notification validation failed: type: `fiollow` is not a valid enum value for path `type`.
    at model.Document.invalidate (/home/harshit/Amzon-Web-Services/backend/node_modules/mongoose/lib/document.js:3365:32)
    at validatePath (/home/harshit/Amzon-Web-Services/backend/node_modules/mongoose/lib/document.js:3140:13)
    at processTicksAndRejections (node:internal/process/task_queues:103:5)
    at async Promise.all (index 2)
    at async model.$__validate (/home/harshit/Amzon-Web-Services/backend/node_modules/mongoose/lib/document.js:3081:3)
    at async model.validate (/home/harshit/Amzon-Web-Services/backend/node_modules/mongoose/lib/document.js:2663:5)
    at async model.validateBeforeSave (/home/harshit/Amzon-Web-Services/backend/node_modules/mongoose/lib/plugins/validateBeforeSave.js:34:7)
    at async Kareem.execPre (/home/harshit/Amzon-Web-Services/backend/node_modules/kareem/index.js:65:24)
    at async model.$__save (/home/harshit/Amzon-Web-Services/backend/node_modules/mongoose/lib/model.js:369:5)
    at async model.save (/home/harshit/Amzon-Web-Services/backend/node_modules/mongoose/lib/model.js:609:5)
2025-11-28 14:40:51 error: ValidationError: Notification validation failed: type: `fiollow` is not a valid enum value for path `type`.
    at model.Document.invalidate (/home/harshit/Amzon-Web-Services/backend/node_modules/mongoose/lib/document.js:3365:32)
    at validatePath (/home/harshit/Amzon-Web-Services/backend/node_modules/mongoose/lib/document.js:3140:13)
    at processTicksAndRejections (node:internal/process/task_queues:103:5)
    at async Promise.all (index 2)
    at async model.$__validate (/home/harshit/Amzon-Web-Services/backend/node_modules/mongoose/lib/document.js:3081:3)
    at async model.validate (/home/harshit/Amzon-Web-Services/backend/node_modules/mongoose/lib/document.js:2663:5)
    at async model.validateBeforeSave (/home/harshit/Amzon-Web-Services/backend/node_modules/mongoose/lib/plugins/validateBeforeSave.js:34:7)
    at async Kareem.execPre (/home/harshit/Amzon-Web-Services/backend/node_modules/kareem/index.js:65:24)
    at async model.$__save (/home/harshit/Amzon-Web-Services/backend/node_modules/mongoose/lib/model.js:369:5)
    at async model.save (/home/harshit/Amzon-Web-Services/backend/node_modules/mongoose/lib/model.js:609:5)
2025-11-28 14:43:41 info: MongoDB connected successfully
2025-11-28 14:45:02 info: MongoDB connected successfully
2025-11-28 14:45:20 info: MongoDB connected successfully
2025-11-28 14:47:42 info: MongoDB connected successfully
2025-11-28 14:48:10 info: MongoDB connected successfully
2025-11-28 14:48:50 info: MongoDB connected successfully
2025-11-28 14:49:18 info: MongoDB connected successfully
2025-11-28 14:49:31 info: MongoDB connected successfully
2025-11-28 14:49:46 info: MongoDB connected successfully
2025-11-28 14:50:02 info: MongoDB connected successfully
2025-11-28 14:50:35 info: MongoDB connected successfully
2025-11-28 14:51:24 info: MongoDB connected successfully
2025-11-28 14:53:01 info: MongoDB connected successfully
2025-11-28 15:14:52 info: MongoDB connected successfully
2025-11-28 15:19:55 info: MongoDB connected successfully
2025-11-28 15:28:33 info: MongoDB connected successfully
2025-11-28 15:38:04 info: MongoDB connected successfully
2025-11-28 16:41:46 info: MongoDB connected successfully
2025-11-28 16:41:59 warn: Token not found
2025-11-28 16:41:59 error: JsonWebTokenError: jwt must be provided
    at Object.module.exports [as verify] (/home/harshit/Amzon-Web-Services/backend/node_modules/jsonwebtoken/verify.js:60:17)
    at verifyJwt (/home/harshit/Amzon-Web-Services/backend/src/middlewares/authentication.middleware.ts:32:25)
    at Layer.handleRequest (/home/harshit/Amzon-Web-Services/backend/node_modules/router/lib/layer.js:152:17)
    at next (/home/harshit/Amzon-Web-Services/backend/node_modules/router/lib/route.js:157:13)
    at Route.dispatch (/home/harshit/Amzon-Web-Services/backend/node_modules/router/lib/route.js:117:3)
    at handle (/home/harshit/Amzon-Web-Services/backend/node_modules/router/index.js:435:11)
    at Layer.handleRequest (/home/harshit/Amzon-Web-Services/backend/node_modules/router/lib/layer.js:152:17)
    at /home/harshit/Amzon-Web-Services/backend/node_modules/router/index.js:295:15
    at processParams (/home/harshit/Amzon-Web-Services/backend/node_modules/router/index.js:582:12)
    at next (/home/harshit/Amzon-Web-Services/backend/node_modules/router/index.js:291:5)
2025-11-28 16:43:25 info: MongoDB connected successfully
2025-11-28 16:43:50 warn: Token not found
2025-11-28 16:43:50 error: JsonWebTokenError: jwt must be provided
    at Object.module.exports [as verify] (/home/harshit/Amzon-Web-Services/backend/node_modules/jsonwebtoken/verify.js:60:17)
    at verifyJwt (/home/harshit/Amzon-Web-Services/backend/src/middlewares/authentication.middleware.ts:32:25)
    at Layer.handleRequest (/home/harshit/Amzon-Web-Services/backend/node_modules/router/lib/layer.js:152:17)
    at next (/home/harshit/Amzon-Web-Services/backend/node_modules/router/lib/route.js:157:13)
    at Route.dispatch (/home/harshit/Amzon-Web-Services/backend/node_modules/router/lib/route.js:117:3)
    at handle (/home/harshit/Amzon-Web-Services/backend/node_modules/router/index.js:435:11)
    at Layer.handleRequest (/home/harshit/Amzon-Web-Services/backend/node_modules/router/lib/layer.js:152:17)
    at /home/harshit/Amzon-Web-Services/backend/node_modules/router/index.js:295:15
    at processParams (/home/harshit/Amzon-Web-Services/backend/node_modules/router/index.js:582:12)
    at next (/home/harshit/Amzon-Web-Services/backend/node_modules/router/index.js:291:5)
2025-11-28 17:04:22 info: MongoDB connected successfully
2025-11-28 17:04:35 error: Incorrect password
2025-11-28 17:04:37 error: Incorrect password
2025-11-28 17:05:11 warn: Token not found
2025-11-28 17:05:11 error: JsonWebTokenError: jwt must be provided
    at Object.module.exports [as verify] (/home/harshit/Amzon-Web-Services/backend/node_modules/jsonwebtoken/verify.js:60:17)
    at verifyJwt (/home/harshit/Amzon-Web-Services/backend/src/middlewares/authentication.middleware.ts:32:25)
    at Layer.handleRequest (/home/harshit/Amzon-Web-Services/backend/node_modules/router/lib/layer.js:152:17)
    at next (/home/harshit/Amzon-Web-Services/backend/node_modules/router/lib/route.js:157:13)
    at Route.dispatch (/home/harshit/Amzon-Web-Services/backend/node_modules/router/lib/route.js:117:3)
    at handle (/home/harshit/Amzon-Web-Services/backend/node_modules/router/index.js:435:11)
    at Layer.handleRequest (/home/harshit/Amzon-Web-Services/backend/node_modules/router/lib/layer.js:152:17)
    at /home/harshit/Amzon-Web-Services/backend/node_modules/router/index.js:295:15
    at processParams (/home/harshit/Amzon-Web-Services/backend/node_modules/router/index.js:582:12)
    at next (/home/harshit/Amzon-Web-Services/backend/node_modules/router/index.js:291:5)
2025-11-28 17:05:16 warn: Token not found
2025-11-28 17:05:16 error: JsonWebTokenError: jwt must be provided
    at Object.module.exports [as verify] (/home/harshit/Amzon-Web-Services/backend/node_modules/jsonwebtoken/verify.js:60:17)
    at verifyJwt (/home/harshit/Amzon-Web-Services/backend/src/middlewares/authentication.middleware.ts:32:25)
    at Layer.handleRequest (/home/harshit/Amzon-Web-Services/backend/node_modules/router/lib/layer.js:152:17)
    at next (/home/harshit/Amzon-Web-Services/backend/node_modules/router/lib/route.js:157:13)
    at Route.dispatch (/home/harshit/Amzon-Web-Services/backend/node_modules/router/lib/route.js:117:3)
    at handle (/home/harshit/Amzon-Web-Services/backend/node_modules/router/index.js:435:11)
    at Layer.handleRequest (/home/harshit/Amzon-Web-Services/backend/node_modules/router/lib/layer.js:152:17)
    at /home/harshit/Amzon-Web-Services/backend/node_modules/router/index.js:295:15
    at processParams (/home/harshit/Amzon-Web-Services/backend/node_modules/router/index.js:582:12)
    at next (/home/harshit/Amzon-Web-Services/backend/node_modules/router/index.js:291:5)
2025-11-28 17:16:50 info: MongoDB connected successfully
2025-11-28 17:17:06 warn: Token not found
2025-11-28 17:17:06 error: JsonWebTokenError: jwt must be provided
    at Object.module.exports [as verify] (/home/harshit/Amzon-Web-Services/backend/node_modules/jsonwebtoken/verify.js:60:17)
    at verifyJwt (/home/harshit/Amzon-Web-Services/backend/src/middlewares/authentication.middleware.ts:32:25)
    at Layer.handleRequest (/home/harshit/Amzon-Web-Services/backend/node_modules/router/lib/layer.js:152:17)
    at next (/home/harshit/Amzon-Web-Services/backend/node_modules/router/lib/route.js:157:13)
    at Route.dispatch (/home/harshit/Amzon-Web-Services/backend/node_modules/router/lib/route.js:117:3)
    at handle (/home/harshit/Amzon-Web-Services/backend/node_modules/router/index.js:435:11)
    at Layer.handleRequest (/home/harshit/Amzon-Web-Services/backend/node_modules/router/lib/layer.js:152:17)
    at /home/harshit/Amzon-Web-Services/backend/node_modules/router/index.js:295:15
    at processParams (/home/harshit/Amzon-Web-Services/backend/node_modules/router/index.js:582:12)
    at next (/home/harshit/Amzon-Web-Services/backend/node_modules/router/index.js:291:5)
2025-11-28 17:17:07 warn: Token not found
2025-11-28 17:17:07 error: JsonWebTokenError: jwt must be provided
    at Object.module.exports [as verify] (/home/harshit/Amzon-Web-Services/backend/node_modules/jsonwebtoken/verify.js:60:17)
    at verifyJwt (/home/harshit/Amzon-Web-Services/backend/src/middlewares/authentication.middleware.ts:32:25)
    at Layer.handleRequest (/home/harshit/Amzon-Web-Services/backend/node_modules/router/lib/layer.js:152:17)
    at next (/home/harshit/Amzon-Web-Services/backend/node_modules/router/lib/route.js:157:13)
    at Route.dispatch (/home/harshit/Amzon-Web-Services/backend/node_modules/router/lib/route.js:117:3)
    at handle (/home/harshit/Amzon-Web-Services/backend/node_modules/router/index.js:435:11)
    at Layer.handleRequest (/home/harshit/Amzon-Web-Services/backend/node_modules/router/lib/layer.js:152:17)
    at /home/harshit/Amzon-Web-Services/backend/node_modules/router/index.js:295:15
    at processParams (/home/harshit/Amzon-Web-Services/backend/node_modules/router/index.js:582:12)
    at next (/home/harshit/Amzon-Web-Services/backend/node_modules/router/index.js:291:5)
2025-11-28 17:17:17 info: MongoDB connected successfully
2025-11-28 17:18:10 warn: Token not found
2025-11-28 17:18:10 error: JsonWebTokenError: jwt must be provided
    at Object.module.exports [as verify] (/home/harshit/Amzon-Web-Services/backend/node_modules/jsonwebtoken/verify.js:60:17)
    at verifyJwt (/home/harshit/Amzon-Web-Services/backend/src/middlewares/authentication.middleware.ts:32:25)
    at Layer.handleRequest (/home/harshit/Amzon-Web-Services/backend/node_modules/router/lib/layer.js:152:17)
    at next (/home/harshit/Amzon-Web-Services/backend/node_modules/router/lib/route.js:157:13)
    at Route.dispatch (/home/harshit/Amzon-Web-Services/backend/node_modules/router/lib/route.js:117:3)
    at handle (/home/harshit/Amzon-Web-Services/backend/node_modules/router/index.js:435:11)
    at Layer.handleRequest (/home/harshit/Amzon-Web-Services/backend/node_modules/router/lib/layer.js:152:17)
    at /home/harshit/Amzon-Web-Services/backend/node_modules/router/index.js:295:15
    at processParams (/home/harshit/Amzon-Web-Services/backend/node_modules/router/index.js:582:12)
    at next (/home/harshit/Amzon-Web-Services/backend/node_modules/router/index.js:291:5)
2025-11-28 17:18:10 warn: Token not found
2025-11-28 17:18:10 error: JsonWebTokenError: jwt must be provided
    at Object.module.exports [as verify] (/home/harshit/Amzon-Web-Services/backend/node_modules/jsonwebtoken/verify.js:60:17)
    at verifyJwt (/home/harshit/Amzon-Web-Services/backend/src/middlewares/authentication.middleware.ts:32:25)
    at Layer.handleRequest (/home/harshit/Amzon-Web-Services/backend/node_modules/router/lib/layer.js:152:17)
    at next (/home/harshit/Amzon-Web-Services/backend/node_modules/router/lib/route.js:157:13)
    at Route.dispatch (/home/harshit/Amzon-Web-Services/backend/node_modules/router/lib/route.js:117:3)
    at handle (/home/harshit/Amzon-Web-Services/backend/node_modules/router/index.js:435:11)
    at Layer.handleRequest (/home/harshit/Amzon-Web-Services/backend/node_modules/router/lib/layer.js:152:17)
    at /home/harshit/Amzon-Web-Services/backend/node_modules/router/index.js:295:15
    at processParams (/home/harshit/Amzon-Web-Services/backend/node_modules/router/index.js:582:12)
    at next (/home/harshit/Amzon-Web-Services/backend/node_modules/router/index.js:291:5)
2025-11-28 17:27:31 info: MongoDB connected successfully
2025-11-28 17:32:46 info: MongoDB connected successfully
2025-11-28 17:34:00 info: MongoDB connected successfully
2025-11-28 17:35:29 info: MongoDB connected successfully
2025-11-28 17:36:35 info: MongoDB connected successfully
2025-11-28 17:36:36 error: Incorrect password
2025-11-28 17:38:21 info: MongoDB connected successfully
2025-11-28 17:40:42 info: MongoDB connected successfully
2025-11-28 17:41:15 error: Incorrect password
2025-11-28 17:41:21 error: Incorrect password
2025-11-28 17:53:39 info: MongoDB connected successfully
2025-11-28 17:58:29 info: MongoDB connected successfully
2025-11-28 17:58:39 info: MongoDB connected successfully
2025-11-28 18:11:58 info: MongoDB connected successfully
2025-11-28 18:12:19 warn: Token not found
2025-11-28 18:12:19 error: JsonWebTokenError: jwt must be provided
    at Object.module.exports [as verify] (/home/harshit/Amzon-Web-Services/backend/node_modules/jsonwebtoken/verify.js:60:17)
    at verifyJwt (/home/harshit/Amzon-Web-Services/backend/src/middlewares/authentication.middleware.ts:32:25)
    at Layer.handleRequest (/home/harshit/Amzon-Web-Services/backend/node_modules/router/lib/layer.js:152:17)
    at next (/home/harshit/Amzon-Web-Services/backend/node_modules/router/lib/route.js:157:13)
    at Route.dispatch (/home/harshit/Amzon-Web-Services/backend/node_modules/router/lib/route.js:117:3)
    at handle (/home/harshit/Amzon-Web-Services/backend/node_modules/router/index.js:435:11)
    at Layer.handleRequest (/home/harshit/Amzon-Web-Services/backend/node_modules/router/lib/layer.js:152:17)
    at /home/harshit/Amzon-Web-Services/backend/node_modules/router/index.js:295:15
    at processParams (/home/harshit/Amzon-Web-Services/backend/node_modules/router/index.js:582:12)
    at next (/home/harshit/Amzon-Web-Services/backend/node_modules/router/index.js:291:5)
2025-11-28 18:12:30 warn: Token not found
2025-11-28 18:12:30 error: JsonWebTokenError: jwt must be provided
    at Object.module.exports [as verify] (/home/harshit/Amzon-Web-Services/backend/node_modules/jsonwebtoken/verify.js:60:17)
    at verifyJwt (/home/harshit/Amzon-Web-Services/backend/src/middlewares/authentication.middleware.ts:32:25)
    at Layer.handleRequest (/home/harshit/Amzon-Web-Services/backend/node_modules/router/lib/layer.js:152:17)
    at next (/home/harshit/Amzon-Web-Services/backend/node_modules/router/lib/route.js:157:13)
    at Route.dispatch (/home/harshit/Amzon-Web-Services/backend/node_modules/router/lib/route.js:117:3)
    at handle (/home/harshit/Amzon-Web-Services/backend/node_modules/router/index.js:435:11)
    at Layer.handleRequest (/home/harshit/Amzon-Web-Services/backend/node_modules/router/lib/layer.js:152:17)
    at /home/harshit/Amzon-Web-Services/backend/node_modules/router/index.js:295:15
    at processParams (/home/harshit/Amzon-Web-Services/backend/node_modules/router/index.js:582:12)
    at next (/home/harshit/Amzon-Web-Services/backend/node_modules/router/index.js:291:5)
2025-11-28 20:38:21 info: MongoDB connected successfully
2025-11-29 10:33:48 info: MongoDB connected successfully
2025-11-29 10:51:14 info: MongoDB connected successfully
2025-11-29 10:53:33 info: MongoDB connected successfully
2025-11-29 10:54:21 info: MongoDB connected successfully
2025-11-29 10:54:44 info: MongoDB connected successfully
2025-11-29 10:55:52 info: MongoDB connected successfully
2025-11-29 10:55:59 info: MongoDB connected successfully
2025-11-29 10:56:11 info: MongoDB connected successfully
2025-11-29 10:58:58 info: MongoDB connected successfully
2025-11-29 11:01:26 info: MongoDB connected successfully
2025-11-29 11:01:32 info: MongoDB connected successfully
2025-11-29 11:01:49 info: MongoDB connected successfully
2025-11-29 11:02:22 info: MongoDB connected successfully
2025-11-29 11:02:38 info: MongoDB connected successfully
2025-11-29 11:02:55 info: MongoDB connected successfully
2025-11-29 11:03:08 info: MongoDB connected successfully
2025-11-29 11:03:31 info: MongoDB connected successfully
2025-11-29 11:04:08 info: MongoDB connected successfully
2025-11-29 11:04:37 info: MongoDB connected successfully
2025-11-29 11:06:35 info: MongoDB connected successfully
2025-11-29 11:06:55 info: MongoDB connected successfully
2025-11-29 11:07:10 info: MongoDB connected successfully
2025-11-29 11:07:33 info: MongoDB connected successfully
2025-11-29 11:07:59 info: MongoDB connected successfully
2025-11-29 11:08:11 info: MongoDB connected successfully
2025-11-29 11:09:36 info: MongoDB connected successfully
2025-11-29 11:09:58 info: MongoDB connected successfully
2025-11-29 11:13:50 info: MongoDB connected successfully
2025-11-29 11:18:52 info: MongoDB connected successfully
2025-11-29 12:30:09 info: MongoDB connected successfully
2025-11-29 12:31:15 info: MongoDB connected successfully
2025-11-29 12:31:29 info: MongoDB connected successfully
2025-11-29 12:31:38 info: MongoDB connected successfully
2025-11-29 12:32:38 info: MongoDB connected successfully
2025-11-29 12:37:01 info: MongoDB connected successfully
2025-11-29 12:46:25 info: MongoDB connected successfully
2025-11-29 13:44:27 info: MongoDB connected successfully
2025-11-29 13:48:42 info: MongoDB connected successfully
2025-11-29 13:50:07 info: MongoDB connected successfully
2025-11-29 14:00:01 info: MongoDB connected successfully
2025-11-29 14:01:59 info: MongoDB connected successfully
2025-11-29 14:04:14 info: MongoDB connected successfully
2025-11-29 14:22:16 info: MongoDB connected successfully
2025-11-29 14:23:34 info: MongoDB connected successfully
2025-11-29 14:23:46 info: MongoDB connected successfully
2025-11-29 14:24:02 info: MongoDB connected successfully
2025-11-29 14:24:53 info: MongoDB connected successfully
2025-11-29 14:25:08 info: MongoDB connected successfully
2025-11-29 14:25:17 info: MongoDB connected successfully
2025-11-29 14:25:36 info: MongoDB connected successfully
2025-11-29 14:26:35 info: MongoDB connected successfully
2025-11-29 14:27:11 info: MongoDB connected successfully
2025-11-29 15:06:24 info: MongoDB connected successfully
2025-11-29 15:07:34 info: MongoDB connected successfully
2025-11-29 15:08:08 info: MongoDB connected successfully
2025-11-29 15:13:26 info: MongoDB connected successfully
2025-11-29 15:14:12 info: MongoDB connected successfully
2025-11-29 15:14:30 info: MongoDB connected successfully
2025-11-29 15:15:18 info: MongoDB connected successfully
2025-11-29 15:15:39 info: MongoDB connected successfully
2025-11-29 15:16:38 info: MongoDB connected successfully
2025-11-29 15:17:26 info: MongoDB connected successfully
2025-11-29 15:18:57 info: MongoDB connected successfully
2025-11-29 15:21:33 info: MongoDB connected successfully
2025-11-29 15:43:38 info: MongoDB connected successfully
2025-11-29 15:45:26 info: MongoDB connected successfully
2025-11-29 15:47:16 info: MongoDB connected successfully
2025-11-29 15:47:58 info: MongoDB connected successfully
2025-11-29 15:49:10 info: MongoDB connected successfully
2025-11-29 16:14:12 info: MongoDB connected successfully
2025-11-29 16:14:49 info: MongoDB connected successfully
2025-11-29 16:16:10 info: MongoDB connected successfully
2025-11-29 16:22:06 info: MongoDB connected successfully
2025-11-29 16:26:34 info: MongoDB connected successfully
2025-11-29 16:27:33 info: MongoDB connected successfully
2025-11-29 16:27:35 error: Incorrect password
2025-11-29 16:27:36 error: Incorrect password
2025-11-29 16:28:48 info: MongoDB connected successfully
2025-11-29 16:30:56 info: MongoDB connected successfully
2025-11-29 16:31:14 info: MongoDB connected successfully
2025-11-29 16:31:24 error: Incorrect password
2025-11-29 16:31:25 error: Incorrect password
2025-11-29 16:31:31 error: Incorrect password
2025-11-29 16:31:33 error: Incorrect password
2025-11-29 16:33:17 info: MongoDB connected successfully
2025-11-29 17:21:30 info: MongoDB connected successfully
2025-11-29 17:27:37 info: MongoDB connected successfully
2025-11-29 17:28:22 info: MongoDB connected successfully
2025-11-29 17:28:37 info: MongoDB connected successfully
2025-11-29 17:30:16 info: MongoDB connected successfully
2025-11-29 17:45:20 info: MongoDB connected successfully
2025-11-29 17:52:19 info: MongoDB connected successfully
2025-11-29 17:54:13 info: MongoDB connected successfully
2025-11-29 17:57:52 info: MongoDB connected successfully
2025-11-29 19:32:15 info: MongoDB connected successfully
2025-11-29 19:32:30 info: MongoDB connected successfully
2025-11-29 19:42:58 info: MongoDB connected successfully
2025-11-29 19:43:37 info: MongoDB connected successfully
2025-11-29 19:46:46 info: MongoDB connected successfully
2025-11-29 19:48:15 info: MongoDB connected successfully
2025-11-29 19:48:50 info: MongoDB connected successfully
2025-11-29 19:54:11 info: MongoDB connected successfully
2025-11-29 19:55:15 info: MongoDB connected successfully
2025-11-29 19:55:53 info: MongoDB connected successfully
2025-11-29 19:59:35 info: MongoDB connected successfully
2025-11-29 20:00:51 info: MongoDB connected successfully
2025-11-29 20:05:00 info: MongoDB connected successfully
2025-11-29 20:49:23 info: MongoDB connected successfully
2025-11-29 20:52:35 info: MongoDB connected successfully
2025-11-29 20:56:23 info: MongoDB connected successfully
2025-11-29 20:59:35 info: MongoDB connected successfully
2025-11-29 20:59:38 warn: Token not found
2025-11-29 20:59:38 error: JsonWebTokenError: jwt must be provided
    at Object.module.exports [as verify] (/home/harshit/Amzon-Web-Services/backend/node_modules/jsonwebtoken/verify.js:60:17)
    at verifyJwt (/home/harshit/Amzon-Web-Services/backend/src/middlewares/authentication.middleware.ts:32:25)
    at Layer.handleRequest (/home/harshit/Amzon-Web-Services/backend/node_modules/router/lib/layer.js:152:17)
    at next (/home/harshit/Amzon-Web-Services/backend/node_modules/router/lib/route.js:157:13)
    at Route.dispatch (/home/harshit/Amzon-Web-Services/backend/node_modules/router/lib/route.js:117:3)
    at handle (/home/harshit/Amzon-Web-Services/backend/node_modules/router/index.js:435:11)
    at Layer.handleRequest (/home/harshit/Amzon-Web-Services/backend/node_modules/router/lib/layer.js:152:17)
    at /home/harshit/Amzon-Web-Services/backend/node_modules/router/index.js:295:15
    at processParams (/home/harshit/Amzon-Web-Services/backend/node_modules/router/index.js:582:12)
    at next (/home/harshit/Amzon-Web-Services/backend/node_modules/router/index.js:291:5)
2025-11-29 21:01:31 info: MongoDB connected successfully
2025-11-29 21:08:51 info: MongoDB connected successfully
2025-11-29 21:12:42 info: MongoDB connected successfully
2025-11-29 21:15:42 info: MongoDB connected successfully
2025-11-29 21:51:58 info: MongoDB connected successfully
2025-11-29 21:53:50 info: MongoDB connected successfully
2025-11-30 14:38:15 info: MongoDB connected successfully
2025-11-30 14:42:34 info: MongoDB connected successfully
2025-11-30 14:48:55 info: MongoDB connected successfully
2025-11-30 14:49:06 error: Incorrect password
2025-11-30 14:49:23 error: Incorrect password
2025-11-30 14:53:06 info: MongoDB connected successfully
2025-11-30 14:57:09 info: MongoDB connected successfully
2025-11-30 15:01:53 info: MongoDB connected successfully
2025-11-30 15:25:43 info: MongoDB connected successfully
2025-11-30 15:26:26 info: MongoDB connected successfully
2025-11-30 15:26:38 info: MongoDB connected successfully
2025-11-30 15:26:48 info: MongoDB connected successfully
2025-11-30 15:31:54 info: MongoDB connected successfully
2025-11-30 15:40:01 info: MongoDB connected successfully
2025-11-30 15:40:32 info: MongoDB connected successfully
2025-11-30 15:40:55 info: MongoDB connected successfully
2025-11-30 15:44:35 info: MongoDB connected successfully
2025-11-30 15:46:16 info: MongoDB connected successfully
2025-11-30 15:46:22 info: MongoDB connected successfully
2025-11-30 15:48:40 info: MongoDB connected successfully
2025-11-30 15:48:52 error: Incorrect password
2025-11-30 15:48:53 error: Incorrect password
2025-11-30 15:48:59 error: Incorrect password
2025-11-30 15:54:16 info: MongoDB connected successfully
2025-11-30 15:55:25 info: MongoDB connected successfully
2025-11-30 15:58:10 info: MongoDB connected successfully
2025-11-30 16:05:46 info: MongoDB connected successfully
2025-11-30 16:06:34 info: MongoDB connected successfully
2025-11-30 16:07:12 info: MongoDB connected successfully
2025-11-30 17:00:27 info: MongoDB connected successfully
2025-11-30 17:01:57 info: MongoDB connected successfully
2025-11-30 17:02:58 info: MongoDB connected successfully
2025-11-30 17:04:41 info: MongoDB connected successfully
2025-11-30 17:08:47 info: MongoDB connected successfully
2025-11-30 17:12:20 info: MongoDB connected successfully
2025-11-30 17:12:26 error: ValidationError: "password" is not allowed to be empty
2025-11-30 17:15:40 info: MongoDB connected successfully
2025-11-30 17:15:49 info: MongoDB connected successfully
2025-11-30 17:15:56 info: MongoDB connected successfully
2025-11-30 17:17:06 info: MongoDB connected successfully
2025-11-30 17:22:15 info: MongoDB connected successfully
2025-11-30 17:24:50 info: MongoDB connected successfully
2025-11-30 17:26:44 info: MongoDB connected successfully
2025-11-30 17:28:12 info: MongoDB connected successfully
2025-11-30 17:29:56 info: MongoDB connected successfully
2025-11-30 17:31:21 info: MongoDB connected successfully
2025-11-30 17:32:37 info: MongoDB connected successfully
2025-11-30 17:36:44 info: MongoDB connected successfully
2025-11-30 17:37:18 info: MongoDB connected successfully
2025-11-30 17:39:58 info: MongoDB connected successfully
2025-11-30 17:43:51 info: MongoDB connected successfully
2025-11-30 17:44:11 error: Incorrect password
2025-11-30 17:44:14 error: Incorrect password
2025-11-30 17:46:02 info: MongoDB connected successfully
2025-11-30 17:48:38 info: MongoDB connected successfully
2025-11-30 17:58:59 info: MongoDB connected successfully
2025-11-30 18:02:44 info: MongoDB connected successfully
2025-11-30 18:08:20 info: MongoDB connected successfully
2025-11-30 18:08:20 info: MongoDB connected successfully
2025-11-30 18:08:28 info: MongoDB connected successfully
2025-11-30 18:30:19 info: MongoDB connected successfully
2025-11-30 18:36:41 info: MongoDB connected successfully
2025-11-30 18:37:26 info: MongoDB connected successfully
2025-11-30 18:45:22 info: MongoDB connected successfully
2025-12-03 15:13:13 error: MongooseServerSelectionError: Could not connect to any servers in your MongoDB Atlas cluster. One common reason is that you're trying to access the database from an IP that isn't whitelisted. Make sure your current IP address is on your Atlas cluster's IP whitelist: https://www.mongodb.com/docs/atlas/security-whitelist/
    at _handleConnectionErrors (/usr/app/src/node_modules/mongoose/lib/connection.js:1169:11)
    at NativeConnection.openUri (/usr/app/src/node_modules/mongoose/lib/connection.js:1100:11)
    at async connectToDataBase (/usr/app/src/src/database/index.ts:17:24)
2025-12-03 15:43:49 error: MongooseServerSelectionError: Could not connect to any servers in your MongoDB Atlas cluster. One common reason is that you're trying to access the database from an IP that isn't whitelisted. Make sure your current IP address is on your Atlas cluster's IP whitelist: https://www.mongodb.com/docs/atlas/security-whitelist/
    at _handleConnectionErrors (/usr/app/src/node_modules/mongoose/lib/connection.js:1169:11)
    at NativeConnection.openUri (/usr/app/src/node_modules/mongoose/lib/connection.js:1100:11)
    at async connectToDataBase (/usr/app/src/src/database/index.ts:17:24)
2025-12-03 15:46:10 error: MongooseServerSelectionError: Could not connect to any servers in your MongoDB Atlas cluster. One common reason is that you're trying to access the database from an IP that isn't whitelisted. Make sure your current IP address is on your Atlas cluster's IP whitelist: https://www.mongodb.com/docs/atlas/security-whitelist/
    at _handleConnectionErrors (/usr/app/src/node_modules/mongoose/lib/connection.js:1169:11)
    at NativeConnection.openUri (/usr/app/src/node_modules/mongoose/lib/connection.js:1100:11)
    at async connectToDataBase (/usr/app/src/src/database/index.ts:16:24)
2025-12-03 15:48:21 error: MongooseServerSelectionError: Could not connect to any servers in your MongoDB Atlas cluster. One common reason is that you're trying to access the database from an IP that isn't whitelisted. Make sure your current IP address is on your Atlas cluster's IP whitelist: https://www.mongodb.com/docs/atlas/security-whitelist/
    at _handleConnectionErrors (/usr/app/src/node_modules/mongoose/lib/connection.js:1169:11)
    at NativeConnection.openUri (/usr/app/src/node_modules/mongoose/lib/connection.js:1100:11)
    at async connectToDataBase (/usr/app/src/src/database/index.ts:16:24)
2025-12-03 15:49:44 error: MongooseServerSelectionError: Could not connect to any servers in your MongoDB Atlas cluster. One common reason is that you're trying to access the database from an IP that isn't whitelisted. Make sure your current IP address is on your Atlas cluster's IP whitelist: https://www.mongodb.com/docs/atlas/security-whitelist/
    at _handleConnectionErrors (/usr/app/src/node_modules/mongoose/lib/connection.js:1169:11)
    at NativeConnection.openUri (/usr/app/src/node_modules/mongoose/lib/connection.js:1100:11)
    at async connectToDataBase (/usr/app/src/src/database/index.ts:16:24)
2025-12-03 15:52:37 error: MongooseServerSelectionError: Could not connect to any servers in your MongoDB Atlas cluster. One common reason is that you're trying to access the database from an IP that isn't whitelisted. Make sure your current IP address is on your Atlas cluster's IP whitelist: https://www.mongodb.com/docs/atlas/security-whitelist/
    at _handleConnectionErrors (/usr/app/src/node_modules/mongoose/lib/connection.js:1169:11)
    at NativeConnection.openUri (/usr/app/src/node_modules/mongoose/lib/connection.js:1100:11)
    at async connectToDataBase (/usr/app/src/src/database/index.ts:16:24)
2025-12-03 15:58:30 error: MongooseServerSelectionError: Could not connect to any servers in your MongoDB Atlas cluster. One common reason is that you're trying to access the database from an IP that isn't whitelisted. Make sure your current IP address is on your Atlas cluster's IP whitelist: https://www.mongodb.com/docs/atlas/security-whitelist/
    at _handleConnectionErrors (/usr/app/src/node_modules/mongoose/lib/connection.js:1169:11)
    at NativeConnection.openUri (/usr/app/src/node_modules/mongoose/lib/connection.js:1100:11)
    at async connectToDataBase (/usr/app/src/src/database/index.ts:16:24)
2025-12-03 16:01:22 error: MongooseServerSelectionError: Could not connect to any servers in your MongoDB Atlas cluster. One common reason is that you're trying to access the database from an IP that isn't whitelisted. Make sure your current IP address is on your Atlas cluster's IP whitelist: https://www.mongodb.com/docs/atlas/security-whitelist/
    at _handleConnectionErrors (/usr/app/src/node_modules/mongoose/lib/connection.js:1169:11)
    at NativeConnection.openUri (/usr/app/src/node_modules/mongoose/lib/connection.js:1100:11)
    at async connectToDataBase (/usr/app/src/src/database/index.ts:16:24)
2025-12-04 18:04:22 info: MongoDB connected successfully
2025-12-05 14:13:30 info: MongoDB connected successfully
2025-12-05 14:13:56 info: MongoDB connected successfully
2025-12-05 14:48:12 info: MongoDB connected successfully
2025-12-05 15:05:32 error: MongooseServerSelectionError: Server selection timed out after 30000 ms
    at _handleConnectionErrors (/home/harshit/Amzon-Web-Services/backend/node_modules/mongoose/lib/connection.js:1169:11)
    at NativeConnection.openUri (/home/harshit/Amzon-Web-Services/backend/node_modules/mongoose/lib/connection.js:1100:11)
    at async connectToDataBase (/home/harshit/Amzon-Web-Services/backend/src/database/index.ts:16:24)
    at async start (/home/harshit/Amzon-Web-Services/backend/src/index.ts:15:5)
2025-12-05 15:24:33 error: MongoServerError: bad auth : authentication failed
    at Connection.sendCommand (/home/harshit/Amzon-Web-Services/backend/node_modules/mongodb/src/cmap/connection.ts:557:17)
    at processTicksAndRejections (node:internal/process/task_queues:103:5)
    at async Connection.command (/home/harshit/Amzon-Web-Services/backend/node_modules/mongodb/src/cmap/connection.ts:627:22)
    at async continueScramConversation (/home/harshit/Amzon-Web-Services/backend/node_modules/mongodb/src/cmap/auth/scram.ts:187:13)
    at async executeScram (/home/harshit/Amzon-Web-Services/backend/node_modules/mongodb/src/cmap/auth/scram.ts:114:3)
    at async ScramSHA1.auth (/home/harshit/Amzon-Web-Services/backend/node_modules/mongodb/src/cmap/auth/scram.ts:60:12)
    at async performInitialHandshake (/home/harshit/Amzon-Web-Services/backend/node_modules/mongodb/src/cmap/connect.ts:164:7)
    at async connect (/home/harshit/Amzon-Web-Services/backend/node_modules/mongodb/src/cmap/connect.ts:43:5)
2025-12-05 15:26:15 info: MongoDB connected successfully
2025-12-05 15:26:51 error: TypeError: Cannot read properties of undefined (reading 'to')
    at followUser (/home/harshit/Amzon-Web-Services/backend/src/controllers/follower.controller.ts:42:8)
    at processTicksAndRejections (node:internal/process/task_queues:103:5)
2025-12-05 15:26:54 error: TypeError: Cannot read properties of undefined (reading 'to')
    at followUser (/home/harshit/Amzon-Web-Services/backend/src/controllers/follower.controller.ts:42:8)
    at processTicksAndRejections (node:internal/process/task_queues:103:5)
2025-12-05 15:35:24 info: MongoDB connected successfully
2025-12-05 15:37:41 info: MongoDB connected successfully
2025-12-05 15:39:13 info: MongoDB connected successfully
2025-12-05 15:41:18 info: MongoDB connected successfully
2025-12-05 15:43:20 info: MongoDB connected successfully
2025-12-05 15:45:48 info: MongoDB connected successfully
2025-12-05 16:09:11 info: MongoDB connected successfully
2025-12-05 16:15:15 error: MongooseServerSelectionError: Server selection timed out after 30000 ms
    at _handleConnectionErrors (/home/harshit/Amzon-Web-Services/backend/node_modules/mongoose/lib/connection.js:1169:11)
    at NativeConnection.openUri (/home/harshit/Amzon-Web-Services/backend/node_modules/mongoose/lib/connection.js:1100:11)
    at async connectToDataBase (/home/harshit/Amzon-Web-Services/backend/src/database/index.ts:16:24)
    at async start (/home/harshit/Amzon-Web-Services/backend/src/index.ts:15:5)
2025-12-05 16:18:37 error: MongooseServerSelectionError: Server selection timed out after 30000 ms
    at _handleConnectionErrors (/home/harshit/Amzon-Web-Services/backend/node_modules/mongoose/lib/connection.js:1169:11)
    at NativeConnection.openUri (/home/harshit/Amzon-Web-Services/backend/node_modules/mongoose/lib/connection.js:1100:11)
    at async connectToDataBase (/home/harshit/Amzon-Web-Services/backend/src/database/index.ts:16:24)
    at async start (/home/harshit/Amzon-Web-Services/backend/src/index.ts:15:5)
2025-12-05 16:25:36 info: MongoDB connected successfully
2025-12-05 16:30:37 error: MongoServerError: bad auth : authentication failed
    at Connection.sendCommand (/home/harshit/Amzon-Web-Services/backend/node_modules/mongodb/src/cmap/connection.ts:557:17)
    at processTicksAndRejections (node:internal/process/task_queues:103:5)
    at async Connection.command (/home/harshit/Amzon-Web-Services/backend/node_modules/mongodb/src/cmap/connection.ts:627:22)
    at async continueScramConversation (/home/harshit/Amzon-Web-Services/backend/node_modules/mongodb/src/cmap/auth/scram.ts:187:13)
    at async executeScram (/home/harshit/Amzon-Web-Services/backend/node_modules/mongodb/src/cmap/auth/scram.ts:114:3)
    at async ScramSHA1.auth (/home/harshit/Amzon-Web-Services/backend/node_modules/mongodb/src/cmap/auth/scram.ts:60:12)
    at async performInitialHandshake (/home/harshit/Amzon-Web-Services/backend/node_modules/mongodb/src/cmap/connect.ts:164:7)
    at async connect (/home/harshit/Amzon-Web-Services/backend/node_modules/mongodb/src/cmap/connect.ts:43:5)
2025-12-05 16:31:18 info: MongoDB connected successfully
2025-12-05 16:32:18 info: MongoDB connected successfully
2025-12-05 16:33:51 error: MongoServerError: bad auth : authentication failed
    at Connection.sendCommand (/home/harshit/Amzon-Web-Services/backend/node_modules/mongodb/src/cmap/connection.ts:557:17)
    at processTicksAndRejections (node:internal/process/task_queues:103:5)
    at async Connection.command (/home/harshit/Amzon-Web-Services/backend/node_modules/mongodb/src/cmap/connection.ts:627:22)
    at async continueScramConversation (/home/harshit/Amzon-Web-Services/backend/node_modules/mongodb/src/cmap/auth/scram.ts:187:13)
    at async executeScram (/home/harshit/Amzon-Web-Services/backend/node_modules/mongodb/src/cmap/auth/scram.ts:114:3)
    at async ScramSHA1.auth (/home/harshit/Amzon-Web-Services/backend/node_modules/mongodb/src/cmap/auth/scram.ts:60:12)
    at async performInitialHandshake (/home/harshit/Amzon-Web-Services/backend/node_modules/mongodb/src/cmap/connect.ts:164:7)
    at async connect (/home/harshit/Amzon-Web-Services/backend/node_modules/mongodb/src/cmap/connect.ts:43:5)
2025-12-05 16:35:33 error: MongoServerError: bad auth : authentication failed
    at Connection.sendCommand (/home/harshit/Amzon-Web-Services/backend/node_modules/mongodb/src/cmap/connection.ts:557:17)
    at processTicksAndRejections (node:internal/process/task_queues:103:5)
    at async Connection.command (/home/harshit/Amzon-Web-Services/backend/node_modules/mongodb/src/cmap/connection.ts:627:22)
    at async continueScramConversation (/home/harshit/Amzon-Web-Services/backend/node_modules/mongodb/src/cmap/auth/scram.ts:187:13)
    at async executeScram (/home/harshit/Amzon-Web-Services/backend/node_modules/mongodb/src/cmap/auth/scram.ts:114:3)
    at async ScramSHA1.auth (/home/harshit/Amzon-Web-Services/backend/node_modules/mongodb/src/cmap/auth/scram.ts:60:12)
    at async performInitialHandshake (/home/harshit/Amzon-Web-Services/backend/node_modules/mongodb/src/cmap/connect.ts:164:7)
    at async connect (/home/harshit/Amzon-Web-Services/backend/node_modules/mongodb/src/cmap/connect.ts:43:5)
2025-12-05 16:36:21 info: MongoDB connected successfully
2025-12-05 16:37:16 info: MongoDB connected successfully
2025-12-05 16:37:22 error: TokenExpiredError: jwt expired
    at /home/harshit/Amzon-Web-Services/backend/node_modules/jsonwebtoken/verify.js:190:21
    at getSecret (/home/harshit/Amzon-Web-Services/backend/node_modules/jsonwebtoken/verify.js:97:14)
    at Object.module.exports [as verify] (/home/harshit/Amzon-Web-Services/backend/node_modules/jsonwebtoken/verify.js:101:10)
    at verifyJwt (/home/harshit/Amzon-Web-Services/backend/src/middlewares/authentication.middleware.ts:32:25)
    at Layer.handleRequest (/home/harshit/Amzon-Web-Services/backend/node_modules/router/lib/layer.js:152:17)
    at next (/home/harshit/Amzon-Web-Services/backend/node_modules/router/lib/route.js:157:13)
    at Route.dispatch (/home/harshit/Amzon-Web-Services/backend/node_modules/router/lib/route.js:117:3)
    at handle (/home/harshit/Amzon-Web-Services/backend/node_modules/router/index.js:435:11)
    at /home/harshit/Amzon-Web-Services/backend/node_modules/@opentelemetry/context-async-hooks/src/AbstractAsyncHooksContextManager.ts:75:49
    at AsyncLocalStorage.run (node:internal/async_local_storage/async_context_frame:63:14)
2025-12-05 16:37:22 error: TokenExpiredError: jwt expired
    at /home/harshit/Amzon-Web-Services/backend/node_modules/jsonwebtoken/verify.js:190:21
    at getSecret (/home/harshit/Amzon-Web-Services/backend/node_modules/jsonwebtoken/verify.js:97:14)
    at Object.module.exports [as verify] (/home/harshit/Amzon-Web-Services/backend/node_modules/jsonwebtoken/verify.js:101:10)
    at verifyJwt (/home/harshit/Amzon-Web-Services/backend/src/middlewares/authentication.middleware.ts:32:25)
    at Layer.handleRequest (/home/harshit/Amzon-Web-Services/backend/node_modules/router/lib/layer.js:152:17)
    at next (/home/harshit/Amzon-Web-Services/backend/node_modules/router/lib/route.js:157:13)
    at Route.dispatch (/home/harshit/Amzon-Web-Services/backend/node_modules/router/lib/route.js:117:3)
    at handle (/home/harshit/Amzon-Web-Services/backend/node_modules/router/index.js:435:11)
    at /home/harshit/Amzon-Web-Services/backend/node_modules/@opentelemetry/context-async-hooks/src/AbstractAsyncHooksContextManager.ts:75:49
    at AsyncLocalStorage.run (node:internal/async_local_storage/async_context_frame:63:14)
2025-12-05 16:37:54 error: TypeError: Cannot read properties of undefined (reading 'to')
    at followUser (/home/harshit/Amzon-Web-Services/backend/src/controllers/follower.controller.ts:42:8)
    at processTicksAndRejections (node:internal/process/task_queues:103:5)
2025-12-05 16:38:07 error: TypeError: Cannot read properties of undefined (reading 'to')
    at followUser (/home/harshit/Amzon-Web-Services/backend/src/controllers/follower.controller.ts:42:8)
    at processTicksAndRejections (node:internal/process/task_queues:103:5)
2025-12-05 17:05:31 info: MongoDB connected successfully
2025-12-05 17:06:01 info: MongoDB connected successfully
2025-12-05 17:09:15 info: MongoDB connected successfully
2025-12-05 17:10:57 info: MongoDB connected successfully
2025-12-05 17:14:49 info: MongoDB connected successfully
2025-12-05 17:18:33 info: MongoDB connected successfully
2025-12-05 17:19:54 info: MongoDB connected successfully
2025-12-05 17:22:33 info: MongoDB connected successfully
2025-12-05 17:25:02 info: MongoDB connected successfully
2025-12-05 17:25:37 info: MongoDB connected successfully
2025-12-05 17:28:33 info: MongoDB connected successfully
2025-12-05 17:29:18 error: TypeError: Cannot read properties of undefined (reading 'to')
    at followUser (/home/harshit/Amzon-Web-Services/backend/src/controllers/follower.controller.ts:42:8)
    at processTicksAndRejections (node:internal/process/task_queues:103:5)
2025-12-05 17:34:09 info: MongoDB connected successfully
2025-12-05 17:35:15 info: MongoDB connected successfully
2025-12-05 18:08:03 info: MongoDB connected successfully
2025-12-05 18:08:31 warn: Token not found
2025-12-05 18:08:31 error: JsonWebTokenError: jwt must be provided
    at Object.module.exports [as verify] (/home/harshit/Amzon-Web-Services/backend/node_modules/jsonwebtoken/verify.js:60:17)
    at verifyJwt (/home/harshit/Amzon-Web-Services/backend/src/middlewares/authentication.middleware.ts:32:25)
    at Layer.handleRequest (/home/harshit/Amzon-Web-Services/backend/node_modules/router/lib/layer.js:152:17)
    at next (/home/harshit/Amzon-Web-Services/backend/node_modules/router/lib/route.js:157:13)
    at Route.dispatch (/home/harshit/Amzon-Web-Services/backend/node_modules/router/lib/route.js:117:3)
    at handle (/home/harshit/Amzon-Web-Services/backend/node_modules/router/index.js:435:11)
    at /home/harshit/Amzon-Web-Services/backend/node_modules/@opentelemetry/context-async-hooks/src/AbstractAsyncHooksContextManager.ts:75:49
    at AsyncLocalStorage.run (node:internal/async_local_storage/async_context_frame:63:14)
    at AsyncLocalStorageContextManager.with (/home/harshit/Amzon-Web-Services/backend/node_modules/@opentelemetry/context-async-hooks/src/AsyncLocalStorageContextManager.ts:40:36)
    at contextWrapper (/home/harshit/Amzon-Web-Services/backend/node_modules/@opentelemetry/context-async-hooks/src/AbstractAsyncHooksContextManager.ts:75:26)
2025-12-05 18:08:33 warn: Token not found
2025-12-05 18:08:33 error: JsonWebTokenError: jwt must be provided
    at Object.module.exports [as verify] (/home/harshit/Amzon-Web-Services/backend/node_modules/jsonwebtoken/verify.js:60:17)
    at verifyJwt (/home/harshit/Amzon-Web-Services/backend/src/middlewares/authentication.middleware.ts:32:25)
    at Layer.handleRequest (/home/harshit/Amzon-Web-Services/backend/node_modules/router/lib/layer.js:152:17)
    at next (/home/harshit/Amzon-Web-Services/backend/node_modules/router/lib/route.js:157:13)
    at Route.dispatch (/home/harshit/Amzon-Web-Services/backend/node_modules/router/lib/route.js:117:3)
    at handle (/home/harshit/Amzon-Web-Services/backend/node_modules/router/index.js:435:11)
    at /home/harshit/Amzon-Web-Services/backend/node_modules/@opentelemetry/context-async-hooks/src/AbstractAsyncHooksContextManager.ts:75:49
    at AsyncLocalStorage.run (node:internal/async_local_storage/async_context_frame:63:14)
    at AsyncLocalStorageContextManager.with (/home/harshit/Amzon-Web-Services/backend/node_modules/@opentelemetry/context-async-hooks/src/AsyncLocalStorageContextManager.ts:40:36)
    at contextWrapper (/home/harshit/Amzon-Web-Services/backend/node_modules/@opentelemetry/context-async-hooks/src/AbstractAsyncHooksContextManager.ts:75:26)
2025-12-05 18:08:33 warn: Token not found
2025-12-05 18:08:33 error: JsonWebTokenError: jwt must be provided
    at Object.module.exports [as verify] (/home/harshit/Amzon-Web-Services/backend/node_modules/jsonwebtoken/verify.js:60:17)
    at verifyJwt (/home/harshit/Amzon-Web-Services/backend/src/middlewares/authentication.middleware.ts:32:25)
    at Layer.handleRequest (/home/harshit/Amzon-Web-Services/backend/node_modules/router/lib/layer.js:152:17)
    at next (/home/harshit/Amzon-Web-Services/backend/node_modules/router/lib/route.js:157:13)
    at Route.dispatch (/home/harshit/Amzon-Web-Services/backend/node_modules/router/lib/route.js:117:3)
    at handle (/home/harshit/Amzon-Web-Services/backend/node_modules/router/index.js:435:11)
    at /home/harshit/Amzon-Web-Services/backend/node_modules/@opentelemetry/context-async-hooks/src/AbstractAsyncHooksContextManager.ts:75:49
    at AsyncLocalStorage.run (node:internal/async_local_storage/async_context_frame:63:14)
    at AsyncLocalStorageContextManager.with (/home/harshit/Amzon-Web-Services/backend/node_modules/@opentelemetry/context-async-hooks/src/AsyncLocalStorageContextManager.ts:40:36)
    at contextWrapper (/home/harshit/Amzon-Web-Services/backend/node_modules/@opentelemetry/context-async-hooks/src/AbstractAsyncHooksContextManager.ts:75:26)
2025-12-05 18:08:34 warn: Token not found
2025-12-05 18:08:34 error: JsonWebTokenError: jwt must be provided
    at Object.module.exports [as verify] (/home/harshit/Amzon-Web-Services/backend/node_modules/jsonwebtoken/verify.js:60:17)
    at verifyJwt (/home/harshit/Amzon-Web-Services/backend/src/middlewares/authentication.middleware.ts:32:25)
    at Layer.handleRequest (/home/harshit/Amzon-Web-Services/backend/node_modules/router/lib/layer.js:152:17)
    at next (/home/harshit/Amzon-Web-Services/backend/node_modules/router/lib/route.js:157:13)
    at Route.dispatch (/home/harshit/Amzon-Web-Services/backend/node_modules/router/lib/route.js:117:3)
    at handle (/home/harshit/Amzon-Web-Services/backend/node_modules/router/index.js:435:11)
    at /home/harshit/Amzon-Web-Services/backend/node_modules/@opentelemetry/context-async-hooks/src/AbstractAsyncHooksContextManager.ts:75:49
    at AsyncLocalStorage.run (node:internal/async_local_storage/async_context_frame:63:14)
    at AsyncLocalStorageContextManager.with (/home/harshit/Amzon-Web-Services/backend/node_modules/@opentelemetry/context-async-hooks/src/AsyncLocalStorageContextManager.ts:40:36)
    at contextWrapper (/home/harshit/Amzon-Web-Services/backend/node_modules/@opentelemetry/context-async-hooks/src/AbstractAsyncHooksContextManager.ts:75:26)
2025-12-05 18:10:37 info: MongoDB connected successfully
2025-12-05 18:14:48 info: MongoDB connected successfully
2025-12-05 18:17:06 info: MongoDB connected successfully
2025-12-05 18:19:23 warn: Token not found
2025-12-05 18:19:23 error: JsonWebTokenError: jwt must be provided
    at Object.module.exports [as verify] (/home/harshit/Amzon-Web-Services/backend/node_modules/jsonwebtoken/verify.js:60:17)
    at verifyJwt (/home/harshit/Amzon-Web-Services/backend/src/middlewares/authentication.middleware.ts:32:25)
    at Layer.handleRequest (/home/harshit/Amzon-Web-Services/backend/node_modules/router/lib/layer.js:152:17)
    at next (/home/harshit/Amzon-Web-Services/backend/node_modules/router/lib/route.js:157:13)
    at Route.dispatch (/home/harshit/Amzon-Web-Services/backend/node_modules/router/lib/route.js:117:3)
    at handle (/home/harshit/Amzon-Web-Services/backend/node_modules/router/index.js:435:11)
    at /home/harshit/Amzon-Web-Services/backend/node_modules/@opentelemetry/context-async-hooks/src/AbstractAsyncHooksContextManager.ts:75:49
    at AsyncLocalStorage.run (node:internal/async_local_storage/async_context_frame:63:14)
    at AsyncLocalStorageContextManager.with (/home/harshit/Amzon-Web-Services/backend/node_modules/@opentelemetry/context-async-hooks/src/AsyncLocalStorageContextManager.ts:40:36)
    at contextWrapper (/home/harshit/Amzon-Web-Services/backend/node_modules/@opentelemetry/context-async-hooks/src/AbstractAsyncHooksContextManager.ts:75:26)
2025-12-05 18:19:43 warn: Token not found
2025-12-05 18:19:43 error: JsonWebTokenError: jwt must be provided
    at Object.module.exports [as verify] (/home/harshit/Amzon-Web-Services/backend/node_modules/jsonwebtoken/verify.js:60:17)
    at verifyJwt (/home/harshit/Amzon-Web-Services/backend/src/middlewares/authentication.middleware.ts:32:25)
    at Layer.handleRequest (/home/harshit/Amzon-Web-Services/backend/node_modules/router/lib/layer.js:152:17)
    at next (/home/harshit/Amzon-Web-Services/backend/node_modules/router/lib/route.js:157:13)
    at Route.dispatch (/home/harshit/Amzon-Web-Services/backend/node_modules/router/lib/route.js:117:3)
    at handle (/home/harshit/Amzon-Web-Services/backend/node_modules/router/index.js:435:11)
    at /home/harshit/Amzon-Web-Services/backend/node_modules/@opentelemetry/context-async-hooks/src/AbstractAsyncHooksContextManager.ts:75:49
    at AsyncLocalStorage.run (node:internal/async_local_storage/async_context_frame:63:14)
    at AsyncLocalStorageContextManager.with (/home/harshit/Amzon-Web-Services/backend/node_modules/@opentelemetry/context-async-hooks/src/AsyncLocalStorageContextManager.ts:40:36)
    at contextWrapper (/home/harshit/Amzon-Web-Services/backend/node_modules/@opentelemetry/context-async-hooks/src/AbstractAsyncHooksContextManager.ts:75:26)
2025-12-05 18:39:43 info: MongoDB connected successfully
2025-12-05 18:40:20 error: Incorrect password
2025-12-05 18:40:23 error: Incorrect password
2025-12-05 18:40:31 error: Incorrect password
2025-12-05 18:46:45 info: MongoDB connected successfully
2025-12-05 18:47:58 info: MongoDB connected successfully
2025-12-05 18:48:49 info: MongoDB connected successfully
2025-12-05 18:55:37 info: MongoDB connected successfully
2025-12-05 18:58:42 info: MongoDB connected successfully
2025-12-05 19:00:00 info: MongoDB connected successfully
2025-12-05 19:00:21 info: MongoDB connected successfully
2025-12-05 19:00:24 info: MongoDB connected successfully
2025-12-05 19:00:36 warn: Token not found
2025-12-05 19:00:36 error: JsonWebTokenError: jwt must be provided
    at Object.module.exports [as verify] (/home/harshit/Amzon-Web-Services/backend/node_modules/jsonwebtoken/verify.js:60:17)
    at verifyJwt (/home/harshit/Amzon-Web-Services/backend/src/middlewares/authentication.middleware.ts:32:25)
    at Layer.handleRequest (/home/harshit/Amzon-Web-Services/backend/node_modules/router/lib/layer.js:152:17)
    at next (/home/harshit/Amzon-Web-Services/backend/node_modules/router/lib/route.js:157:13)
    at Route.dispatch (/home/harshit/Amzon-Web-Services/backend/node_modules/router/lib/route.js:117:3)
    at handle (/home/harshit/Amzon-Web-Services/backend/node_modules/router/index.js:435:11)
    at Layer.handleRequest (/home/harshit/Amzon-Web-Services/backend/node_modules/router/lib/layer.js:152:17)
    at /home/harshit/Amzon-Web-Services/backend/node_modules/router/index.js:295:15
    at processParams (/home/harshit/Amzon-Web-Services/backend/node_modules/router/index.js:582:12)
    at next (/home/harshit/Amzon-Web-Services/backend/node_modules/router/index.js:291:5)
2025-12-05 19:00:56 warn: Token not found
2025-12-05 19:00:56 error: JsonWebTokenError: jwt must be provided
    at Object.module.exports [as verify] (/home/harshit/Amzon-Web-Services/backend/node_modules/jsonwebtoken/verify.js:60:17)
    at verifyJwt (/home/harshit/Amzon-Web-Services/backend/src/middlewares/authentication.middleware.ts:32:25)
    at Layer.handleRequest (/home/harshit/Amzon-Web-Services/backend/node_modules/router/lib/layer.js:152:17)
    at next (/home/harshit/Amzon-Web-Services/backend/node_modules/router/lib/route.js:157:13)
    at Route.dispatch (/home/harshit/Amzon-Web-Services/backend/node_modules/router/lib/route.js:117:3)
    at handle (/home/harshit/Amzon-Web-Services/backend/node_modules/router/index.js:435:11)
    at Layer.handleRequest (/home/harshit/Amzon-Web-Services/backend/node_modules/router/lib/layer.js:152:17)
    at /home/harshit/Amzon-Web-Services/backend/node_modules/router/index.js:295:15
    at processParams (/home/harshit/Amzon-Web-Services/backend/node_modules/router/index.js:582:12)
    at next (/home/harshit/Amzon-Web-Services/backend/node_modules/router/index.js:291:5)
2025-12-05 19:01:28 info: User successfully created
2025-12-06 16:40:46 info: MongoDB connected successfully
2025-12-07 16:02:12 info: Connecting to MongoDB...
2025-12-07 16:02:14 info: MongoDB connected successfully
2025-12-07 16:02:19 info: Verifying JWT token
2025-12-07 16:02:19 info: Auth Me Route Accessed
2025-12-07 16:02:19 info: Verifying JWT token
2025-12-07 16:02:19 info: Auth Me Route Accessed
2025-12-07 16:02:23 info: User sign-in started
2025-12-07 16:02:24 info: Verifying JWT token
2025-12-07 16:02:24 info: Verifying JWT token
2025-12-07 16:02:24 info: Verifying JWT token
2025-12-07 16:02:24 info: Fetching random users for tweet
2025-12-07 16:02:24 info: Getting three random tweets
2025-12-07 16:02:24 info: Get follower controller called
2025-12-07 16:02:24 info: Verifying JWT token
2025-12-07 16:02:24 info: Verifying JWT token
2025-12-07 16:02:24 info: Verifying JWT token
2025-12-07 16:02:24 info: Fetching random users for tweet
2025-12-07 16:02:24 info: Getting three random tweets
2025-12-07 16:02:24 info: Get follower controller called
2025-12-07 16:02:35 info: Verifying JWT token
2025-12-07 16:02:35 info: Verifying JWT token
2025-12-07 16:02:35 info: Liking tweet
2025-12-07 16:02:35 info: Auth Me Route Accessed
2025-12-07 16:02:35 info: Verifying JWT token
2025-12-07 16:02:35 info: Verifying JWT token
2025-12-07 16:02:35 info: Verifying JWT token
2025-12-07 16:02:35 info: Verifying JWT token
2025-12-07 16:02:35 info: Auth Me Route Accessed
2025-12-07 16:02:35 info: Getting three random tweets
2025-12-07 16:02:35 info: Verifying JWT token
2025-12-07 16:02:35 info: Getting three random tweets
2025-12-07 16:02:36 info: Get follower controller called
2025-12-07 16:02:36 info: Verifying JWT token
2025-12-07 16:02:36 info: Fetching random users for tweet
2025-12-07 16:02:36 info: Get follower controller called
2025-12-07 16:02:36 info: Verifying JWT token
2025-12-07 16:02:36 info: Fetching random users for tweet
2025-12-07 16:02:36 info: Verifying JWT token
2025-12-07 16:02:36 info: Verifying JWT token
2025-12-07 16:02:36 info: Liking tweet
2025-12-07 16:02:36 info: Auth Me Route Accessed
2025-12-07 16:02:36 info: Verifying JWT token
2025-12-07 16:02:37 info: Verifying JWT token
2025-12-07 16:02:37 info: Verifying JWT token
2025-12-07 16:02:37 info: Verifying JWT token
2025-12-07 16:02:37 info: Auth Me Route Accessed
2025-12-07 16:02:37 info: Get follower controller called
2025-12-07 16:02:37 info: Fetching random users for tweet
2025-12-07 16:02:37 info: Getting three random tweets
2025-12-07 16:02:37 info: Verifying JWT token
2025-12-07 16:02:37 info: Verifying JWT token
2025-12-07 16:02:37 info: Verifying JWT token
2025-12-07 16:02:37 info: Fetching random users for tweet
2025-12-07 16:02:37 info: Getting three random tweets
2025-12-07 16:02:37 info: Get follower controller called
2025-12-07 16:02:52 info: Verifying JWT token
2025-12-07 16:02:53 info: Verifying JWT token
2025-12-07 16:02:53 info: Liking tweet
2025-12-07 16:02:53 info: Auth Me Route Accessed
2025-12-07 16:02:53 info: Verifying JWT token
2025-12-07 16:02:53 info: Verifying JWT token
2025-12-07 16:02:53 info: Verifying JWT token
2025-12-07 16:02:53 info: Verifying JWT token
2025-12-07 16:02:53 info: Auth Me Route Accessed
2025-12-07 16:02:53 info: Getting three random tweets
2025-12-07 16:02:53 info: Get follower controller called
2025-12-07 16:02:53 info: Fetching random users for tweet
2025-12-07 16:02:53 info: Verifying JWT token
2025-12-07 16:02:53 info: Verifying JWT token
2025-12-07 16:02:53 info: Verifying JWT token
2025-12-07 16:02:53 info: Get follower controller called
2025-12-07 16:02:53 info: Getting three random tweets
2025-12-07 16:02:53 info: Fetching random users for tweet
2025-12-07 16:02:55 info: Verifying JWT token
2025-12-07 16:02:55 info: Liking tweet
2025-12-07 16:02:55 info: Verifying JWT token
2025-12-07 16:02:55 info: Auth Me Route Accessed
2025-12-07 16:02:55 info: Verifying JWT token
2025-12-07 16:02:55 info: Verifying JWT token
2025-12-07 16:02:55 info: Verifying JWT token
2025-12-07 16:02:55 info: Verifying JWT token
2025-12-07 16:02:55 info: Auth Me Route Accessed
2025-12-07 16:02:55 info: Get follower controller called
2025-12-07 16:02:55 info: Getting three random tweets
2025-12-07 16:02:55 info: Fetching random users for tweet
2025-12-07 16:02:55 info: Verifying JWT token
2025-12-07 16:02:55 info: Verifying JWT token
2025-12-07 16:02:55 info: Verifying JWT token
2025-12-07 16:02:55 info: Get follower controller called
2025-12-07 16:02:55 info: Fetching random users for tweet
2025-12-07 16:02:55 info: Getting three random tweets
2025-12-07 16:03:03 info: Verifying JWT token
2025-12-07 16:03:03 info: Verifying JWT token
2025-12-07 16:03:03 info: Liking tweet
2025-12-07 16:03:03 info: Auth Me Route Accessed
2025-12-07 16:03:03 info: Verifying JWT token
2025-12-07 16:03:03 info: Verifying JWT token
2025-12-07 16:03:03 info: Verifying JWT token
2025-12-07 16:03:03 info: Verifying JWT token
2025-12-07 16:03:03 info: Auth Me Route Accessed
2025-12-07 16:03:03 info: Getting three random tweets
2025-12-07 16:03:03 info: Get follower controller called
2025-12-07 16:03:03 info: Fetching random users for tweet
2025-12-07 16:03:03 info: Verifying JWT token
2025-12-07 16:03:03 info: Verifying JWT token
2025-12-07 16:03:03 info: Verifying JWT token
2025-12-07 16:03:04 info: Getting three random tweets
2025-12-07 16:03:04 info: Get follower controller called
2025-12-07 16:03:04 info: Fetching random users for tweet
2025-12-07 16:07:58 info: Verifying JWT token
2025-12-07 16:07:58 info: Getting three random tweets
2025-12-07 16:08:15 info: Verifying JWT token
2025-12-07 16:08:15 info: Verifying JWT token
2025-12-07 16:08:15 info: Verifying JWT token
2025-12-07 16:08:15 info: Get follower controller called
2025-12-07 16:08:15 info: Fetching random users for tweet
2025-12-07 16:08:15 info: Getting three random tweets
2025-12-07 16:08:21 info: Verifying JWT token
2025-12-07 16:08:21 info: Verifying JWT token
2025-12-07 16:08:21 info: Verifying JWT token
2025-12-07 16:08:21 info: Fetching random users for tweet
2025-12-07 16:08:21 info: Get follower controller called
2025-12-07 16:08:21 info: Getting three random tweets
2025-12-07 16:08:39 info: Verifying JWT token
2025-12-07 16:08:39 info: Verifying JWT token
2025-12-07 16:08:39 info: Verifying JWT token
2025-12-07 16:08:39 info: Get follower controller called
2025-12-07 16:08:39 info: Fetching random users for tweet
2025-12-07 16:08:39 info: Getting three random tweets
2025-12-07 16:08:40 info: Verifying JWT token
2025-12-07 16:08:40 info: Verifying JWT token
2025-12-07 16:08:40 info: Verifying JWT token
2025-12-07 16:08:40 info: Fetching random users for tweet
2025-12-07 16:08:40 info: Getting three random tweets
2025-12-07 16:08:40 info: Get follower controller called
2025-12-07 16:08:41 info: Verifying JWT token
2025-12-07 16:08:41 info: Verifying JWT token
2025-12-07 16:08:41 info: Verifying JWT token
2025-12-07 16:08:41 info: Get follower controller called
2025-12-07 16:08:41 info: Fetching random users for tweet
2025-12-07 16:08:41 info: Getting three random tweets
2025-12-07 16:08:53 info: Verifying JWT token
2025-12-07 16:08:53 info: Verifying JWT token
2025-12-07 16:08:53 info: Verifying JWT token
2025-12-07 16:08:53 info: Get follower controller called
2025-12-07 16:08:53 info: Fetching random users for tweet
2025-12-07 16:08:53 info: Getting three random tweets
2025-12-07 16:08:54 info: Verifying JWT token
2025-12-07 16:08:54 info: Verifying JWT token
2025-12-07 16:08:54 info: Verifying JWT token
2025-12-07 16:08:54 info: Fetching random users for tweet
2025-12-07 16:08:54 info: Get follower controller called
2025-12-07 16:08:54 info: Getting three random tweets
2025-12-07 16:09:26 info: Verifying JWT token
2025-12-07 16:09:26 info: Verifying JWT token
2025-12-07 16:09:26 info: Verifying JWT token
2025-12-07 16:09:26 info: Get follower controller called
2025-12-07 16:09:26 info: Fetching random users for tweet
2025-12-07 16:09:26 info: Getting three random tweets
2025-12-07 16:09:28 info: Verifying JWT token
2025-12-07 16:09:28 info: Verifying JWT token
2025-12-07 16:09:28 info: Verifying JWT token
2025-12-07 16:09:28 info: Fetching random users for tweet
2025-12-07 16:09:28 info: Get follower controller called
2025-12-07 16:09:28 info: Getting three random tweets
2025-12-07 16:09:29 info: Verifying JWT token
2025-12-07 16:09:29 info: Verifying JWT token
2025-12-07 16:09:29 info: Verifying JWT token
2025-12-07 16:09:29 info: Fetching random users for tweet
2025-12-07 16:09:29 info: Get follower controller called
2025-12-07 16:09:29 info: Getting three random tweets
2025-12-07 16:09:38 info: Verifying JWT token
2025-12-07 16:09:38 info: Verifying JWT token
2025-12-07 16:09:38 info: Verifying JWT token
2025-12-07 16:09:38 info: Get follower controller called
2025-12-07 16:09:38 info: Fetching random users for tweet
2025-12-07 16:09:38 info: Getting three random tweets
2025-12-07 16:09:40 info: Verifying JWT token
2025-12-07 16:09:40 info: Verifying JWT token
2025-12-07 16:09:40 info: Verifying JWT token
2025-12-07 16:09:40 info: Fetching random users for tweet
2025-12-07 16:09:40 info: Get follower controller called
2025-12-07 16:09:40 info: Getting three random tweets
2025-12-07 16:09:41 info: Verifying JWT token
2025-12-07 16:09:41 info: Verifying JWT token
2025-12-07 16:09:41 info: Verifying JWT token
2025-12-07 16:09:41 info: Get follower controller called
2025-12-07 16:09:41 info: Fetching random users for tweet
2025-12-07 16:09:41 info: Getting three random tweets
2025-12-07 16:09:43 info: Verifying JWT token
2025-12-07 16:09:43 info: Verifying JWT token
2025-12-07 16:09:43 info: Verifying JWT token
2025-12-07 16:09:43 info: Fetching random users for tweet
2025-12-07 16:09:43 info: Getting three random tweets
2025-12-07 16:09:43 info: Get follower controller called
2025-12-07 16:10:06 info: Verifying JWT token
2025-12-07 16:10:06 info: Verifying JWT token
2025-12-07 16:10:06 info: Verifying JWT token
2025-12-07 16:10:06 info: Getting three random tweets
2025-12-07 16:10:06 info: Get follower controller called
2025-12-07 16:10:06 info: Fetching random users for tweet
2025-12-07 16:10:10 info: Verifying JWT token
2025-12-07 16:10:10 info: Verifying JWT token
2025-12-07 16:10:10 info: Verifying JWT token
2025-12-07 16:10:10 info: Fetching random users for tweet
2025-12-07 16:10:10 info: Get follower controller called
2025-12-07 16:10:10 info: Getting three random tweets
2025-12-07 16:10:11 info: Verifying JWT token
2025-12-07 16:10:11 info: Verifying JWT token
2025-12-07 16:10:11 info: Verifying JWT token
2025-12-07 16:10:11 info: Fetching random users for tweet
2025-12-07 16:10:11 info: Get follower controller called
2025-12-07 16:10:11 info: Getting three random tweets
2025-12-07 16:10:12 info: Verifying JWT token
2025-12-07 16:10:12 info: Verifying JWT token
2025-12-07 16:10:12 info: Verifying JWT token
2025-12-07 16:10:12 info: Get follower controller called
2025-12-07 16:10:12 info: Fetching random users for tweet
2025-12-07 16:10:12 info: Getting three random tweets
2025-12-07 16:10:13 info: Verifying JWT token
2025-12-07 16:10:13 info: Verifying JWT token
2025-12-07 16:10:13 info: Verifying JWT token
2025-12-07 16:10:13 info: Get follower controller called
2025-12-07 16:10:13 info: Fetching random users for tweet
2025-12-07 16:10:13 info: Getting three random tweets
2025-12-07 16:10:20 info: Verifying JWT token
2025-12-07 16:10:20 info: Verifying JWT token
2025-12-07 16:10:20 info: Verifying JWT token
2025-12-07 16:10:20 info: Fetching random users for tweet
2025-12-07 16:10:20 info: Get follower controller called
2025-12-07 16:10:20 info: Getting three random tweets
2025-12-07 16:10:25 info: Verifying JWT token
2025-12-07 16:10:25 info: Verifying JWT token
2025-12-07 16:10:25 info: Verifying JWT token
2025-12-07 16:10:25 info: Get follower controller called
2025-12-07 16:10:25 info: Fetching random users for tweet
2025-12-07 16:10:25 info: Getting three random tweets
2025-12-07 16:10:32 info: Verifying JWT token
2025-12-07 16:10:32 info: Verifying JWT token
2025-12-07 16:10:32 info: Verifying JWT token
2025-12-07 16:10:32 info: Fetching random users for tweet
2025-12-07 16:10:32 info: Get follower controller called
2025-12-07 16:10:32 info: Getting three random tweets
2025-12-07 16:10:34 info: Verifying JWT token
2025-12-07 16:10:34 info: Verifying JWT token
2025-12-07 16:10:34 info: Verifying JWT token
2025-12-07 16:10:34 info: Getting three random tweets
2025-12-07 16:10:34 info: Get follower controller called
2025-12-07 16:10:34 info: Fetching random users for tweet
2025-12-07 16:10:35 info: Verifying JWT token
2025-12-07 16:10:35 info: Verifying JWT token
2025-12-07 16:10:35 info: Verifying JWT token
2025-12-07 16:10:35 info: Get follower controller called
2025-12-07 16:10:35 info: Fetching random users for tweet
2025-12-07 16:10:35 info: Getting three random tweets
2025-12-07 16:10:36 info: Verifying JWT token
2025-12-07 16:10:36 info: Verifying JWT token
2025-12-07 16:10:36 info: Verifying JWT token
2025-12-07 16:10:36 info: Getting three random tweets
2025-12-07 16:10:36 info: Fetching random users for tweet
2025-12-07 16:10:36 info: Get follower controller called
2025-12-07 16:10:37 info: Verifying JWT token
2025-12-07 16:10:37 info: Verifying JWT token
2025-12-07 16:10:37 info: Verifying JWT token
2025-12-07 16:10:37 info: Getting three random tweets
2025-12-07 16:10:37 info: Get follower controller called
2025-12-07 16:10:37 info: Fetching random users for tweet
2025-12-07 16:10:38 info: Verifying JWT token
2025-12-07 16:10:38 info: Verifying JWT token
2025-12-07 16:10:38 info: Verifying JWT token
2025-12-07 16:10:38 info: Fetching random users for tweet
2025-12-07 16:10:38 info: Get follower controller called
2025-12-07 16:10:38 info: Getting three random tweets
2025-12-07 16:10:39 info: Verifying JWT token
2025-12-07 16:10:39 info: Verifying JWT token
2025-12-07 16:10:39 info: Verifying JWT token
2025-12-07 16:10:39 info: Fetching random users for tweet
2025-12-07 16:10:39 info: Get follower controller called
2025-12-07 16:10:39 info: Getting three random tweets
2025-12-07 16:10:49 info: Verifying JWT token
2025-12-07 16:10:49 info: Verifying JWT token
2025-12-07 16:10:49 info: Verifying JWT token
2025-12-07 16:10:49 info: Fetching random users for tweet
2025-12-07 16:10:49 info: Get follower controller called
2025-12-07 16:10:49 info: Getting three random tweets
2025-12-07 16:10:50 info: Verifying JWT token
2025-12-07 16:10:50 info: Verifying JWT token
2025-12-07 16:10:50 info: Verifying JWT token
2025-12-07 16:10:50 info: Fetching random users for tweet
2025-12-07 16:10:50 info: Get follower controller called
2025-12-07 16:10:50 info: Getting three random tweets
2025-12-07 16:10:51 info: Verifying JWT token
2025-12-07 16:10:51 info: Verifying JWT token
2025-12-07 16:10:51 info: Verifying JWT token
2025-12-07 16:10:51 info: Get follower controller called
2025-12-07 16:10:51 info: Fetching random users for tweet
2025-12-07 16:10:51 info: Getting three random tweets
2025-12-07 16:10:51 info: Verifying JWT token
2025-12-07 16:10:51 info: Verifying JWT token
2025-12-07 16:10:51 info: Verifying JWT token
2025-12-07 16:10:51 info: Getting three random tweets
2025-12-07 16:10:51 info: Fetching random users for tweet
2025-12-07 16:10:51 info: Get follower controller called
2025-12-07 16:10:52 info: Verifying JWT token
2025-12-07 16:10:52 info: Auth Me Route Accessed
2025-12-07 16:10:52 info: Verifying JWT token
2025-12-07 16:10:52 info: Verifying JWT token
2025-12-07 16:10:52 info: Verifying JWT token
2025-12-07 16:10:52 info: Verifying JWT token
2025-12-07 16:10:52 info: Auth Me Route Accessed
2025-12-07 16:10:52 info: Getting three random tweets
2025-12-07 16:10:52 info: Get follower controller called
2025-12-07 16:10:52 info: Fetching random users for tweet
2025-12-07 16:10:52 info: Verifying JWT token
2025-12-07 16:10:52 info: Verifying JWT token
2025-12-07 16:10:52 info: Verifying JWT token
2025-12-07 16:10:52 info: Get follower controller called
2025-12-07 16:10:52 info: Fetching random users for tweet
2025-12-07 16:10:52 info: Getting three random tweets
2025-12-07 16:10:53 info: Verifying JWT token
2025-12-07 16:10:53 info: Auth Me Route Accessed
2025-12-07 16:10:53 info: Verifying JWT token
2025-12-07 16:10:53 info: Verifying JWT token
2025-12-07 16:10:53 info: Verifying JWT token
2025-12-07 16:10:53 info: Verifying JWT token
2025-12-07 16:10:53 info: Auth Me Route Accessed
2025-12-07 16:10:53 info: Get follower controller called
2025-12-07 16:10:53 info: Fetching random users for tweet
2025-12-07 16:10:53 info: Getting three random tweets
2025-12-07 16:10:53 info: Verifying JWT token
2025-12-07 16:10:53 info: Verifying JWT token
2025-12-07 16:10:53 info: Verifying JWT token
2025-12-07 16:10:53 info: Fetching random users for tweet
2025-12-07 16:10:53 info: Getting three random tweets
2025-12-07 16:10:53 info: Get follower controller called
2025-12-07 16:11:39 info: Verifying JWT token
2025-12-07 16:11:39 info: Auth Me Route Accessed
2025-12-07 16:11:39 info: Verifying JWT token
2025-12-07 16:11:39 info: Verifying JWT token
2025-12-07 16:11:39 info: Verifying JWT token
2025-12-07 16:11:39 info: Verifying JWT token
2025-12-07 16:11:40 info: Auth Me Route Accessed
2025-12-07 16:11:40 info: Getting three random tweets
2025-12-07 16:11:40 info: Fetching random users for tweet
2025-12-07 16:11:40 info: Get follower controller called
2025-12-07 16:11:40 info: Verifying JWT token
2025-12-07 16:11:40 info: Getting three random tweets
2025-12-07 16:11:40 info: Verifying JWT token
2025-12-07 16:11:40 info: Auth Me Route Accessed
2025-12-07 16:11:40 info: Verifying JWT token
2025-12-07 16:11:40 info: Verifying JWT token
2025-12-07 16:11:40 info: Verifying JWT token
2025-12-07 16:11:40 info: Verifying JWT token
2025-12-07 16:11:40 info: Verifying JWT token
2025-12-07 16:11:40 info: Get follower controller called
2025-12-07 16:11:40 info: Fetching random users for tweet
2025-12-07 16:11:40 info: Get follower controller called
2025-12-07 16:11:40 info: Getting three random tweets
2025-12-07 16:11:40 info: Auth Me Route Accessed
2025-12-07 16:11:40 info: Verifying JWT token
2025-12-07 16:11:40 info: Auth Me Route Accessed
2025-12-07 16:11:40 info: Verifying JWT token
2025-12-07 16:11:40 info: Verifying JWT token
2025-12-07 16:11:40 info: Verifying JWT token
2025-12-07 16:11:40 info: Verifying JWT token
2025-12-07 16:11:40 info: Verifying JWT token
2025-12-07 16:11:40 info: Verifying JWT token
2025-12-07 16:11:41 info: Auth Me Route Accessed
2025-12-07 16:11:41 info: Get follower controller called
2025-12-07 16:11:41 info: Getting three random tweets
2025-12-07 16:11:41 info: Fetching random users for tweet
2025-12-07 16:11:41 info: Getting three random tweets
2025-12-07 16:11:41 info: Verifying JWT token
2025-12-07 16:11:41 info: Get follower controller called
2025-12-07 16:11:42 info: Fetching random users for tweet
2025-12-07 16:11:42 info: Verifying JWT token
2025-12-07 16:11:42 info: Liking tweet
2025-12-07 16:11:43 info: Verifying JWT token
2025-12-07 16:11:43 info: Liking tweet
2025-12-07 16:11:43 error: Tweet already liked by user
2025-12-07 16:11:45 info: Verifying JWT token
2025-12-07 16:11:45 info: Liking tweet
2025-12-07 16:11:45 error: Tweet already liked by user
2025-12-07 16:11:46 info: Verifying JWT token
2025-12-07 16:11:46 info: Liking tweet
2025-12-07 16:11:48 info: Verifying JWT token
2025-12-07 16:11:48 info: Liking tweet
2025-12-07 16:11:50 info: Verifying JWT token
2025-12-07 16:11:50 info: Liking tweet
2025-12-07 16:11:50 error: Tweet already liked by user
2025-12-07 16:12:15 info: Verifying JWT token
2025-12-07 16:12:15 info: Liking tweet
2025-12-07 16:12:16 error: Tweet already liked by user
2025-12-07 16:12:16 info: Verifying JWT token
2025-12-07 16:12:16 info: Liking tweet
2025-12-07 16:12:17 error: Tweet already liked by user
2025-12-07 16:12:34 info: Verifying JWT token
2025-12-07 16:12:35 info: Liking tweet
2025-12-07 16:12:35 error: Tweet already liked by user
2025-12-07 16:12:35 info: Verifying JWT token
2025-12-07 16:12:35 info: Auth Me Route Accessed
2025-12-07 16:12:35 info: Verifying JWT token
2025-12-07 16:12:35 info: Verifying JWT token
2025-12-07 16:12:35 info: Verifying JWT token
2025-12-07 16:12:35 info: Auth Me Route Accessed
2025-12-07 16:12:35 info: Fetching random users for tweet
2025-12-07 16:12:35 info: Getting three random tweets
2025-12-07 16:18:30 info: Connecting to MongoDB...
2025-12-07 16:18:32 info: MongoDB connected successfully
2025-12-07 16:18:35 info: Verifying JWT token
2025-12-07 16:18:35 warn: Token not found
2025-12-07 16:18:35 error: Authentication failed
2025-12-07 16:18:39 info: User sign-in started
2025-12-07 16:18:40 info: Verifying JWT token
2025-12-07 16:18:40 info: Verifying JWT token
2025-12-07 16:18:40 info: Verifying JWT token
2025-12-07 16:18:40 info: Get follower controller called
2025-12-07 16:18:40 info: Getting three random tweets
2025-12-07 16:18:40 info: Fetching random users for tweet
2025-12-07 16:18:40 info: Verifying JWT token
2025-12-07 16:18:40 info: Verifying JWT token
2025-12-07 16:18:40 info: Verifying JWT token
2025-12-07 16:18:40 info: Fetching random users for tweet
2025-12-07 16:18:40 info: Get follower controller called
2025-12-07 16:18:40 info: Getting three random tweets
2025-12-07 16:18:55 info: Verifying JWT token
2025-12-07 16:18:55 warn: Token not found
2025-12-07 16:18:55 error: Authentication failed
2025-12-07 16:20:19 info: Verifying JWT token
2025-12-07 16:20:19 info: Auth Me Route Accessed
2025-12-07 16:20:19 info: Verifying JWT token
2025-12-07 16:20:20 info: Auth Me Route Accessed
2025-12-07 16:20:20 info: Verifying JWT token
2025-12-07 16:20:20 info: Auth Me Route Accessed
2025-12-07 16:20:20 info: Verifying JWT token
2025-12-07 16:20:20 info: Auth Me Route Accessed
2025-12-07 16:20:20 info: Verifying JWT token
2025-12-07 16:20:20 info: Verifying JWT token
2025-12-07 16:20:20 info: Verifying JWT token
2025-12-07 16:20:20 info: Verifying JWT token
2025-12-07 16:20:20 info: Auth Me Route Accessed
2025-12-07 16:20:20 info: Fetching random users for tweet
2025-12-07 16:20:20 info: Getting three random tweets
2025-12-07 16:20:20 info: Verifying JWT token
2025-12-07 16:20:20 info: Verifying JWT token
2025-12-07 16:20:20 info: Fetching random users for tweet
2025-12-07 16:20:20 info: Getting three random tweets
2025-12-07 16:20:22 info: Get follower controller called
2025-12-07 16:20:22 info: Verifying JWT token
2025-12-07 16:20:22 info: Get follower controller called
2025-12-07 16:20:37 info: Verifying JWT token
2025-12-07 16:20:37 info: Auth Me Route Accessed
2025-12-07 16:20:37 info: Verifying JWT token
2025-12-07 16:20:37 info: Verifying JWT token
2025-12-07 16:20:37 info: Verifying JWT token
2025-12-07 16:20:37 info: Verifying JWT token
2025-12-07 16:20:37 info: Auth Me Route Accessed
2025-12-07 16:20:37 info: Getting three random tweets
2025-12-07 16:20:37 info: Fetching random users for tweet
2025-12-07 16:20:37 info: Get follower controller called
2025-12-07 16:20:37 info: Verifying JWT token
2025-12-07 16:20:37 info: Verifying JWT token
2025-12-07 16:20:37 info: Verifying JWT token
2025-12-07 16:20:38 info: Get follower controller called
2025-12-07 16:20:38 info: Fetching random users for tweet
2025-12-07 16:20:38 info: Getting three random tweets
2025-12-07 16:20:38 info: Verifying JWT token
2025-12-07 16:20:38 info: Auth Me Route Accessed
2025-12-07 16:20:38 info: Verifying JWT token
2025-12-07 16:20:38 info: Verifying JWT token
2025-12-07 16:20:38 info: Verifying JWT token
2025-12-07 16:20:38 info: Verifying JWT token
2025-12-07 16:20:38 info: Get follower controller called
2025-12-07 16:20:38 info: Fetching random users for tweet
2025-12-07 16:20:38 info: Auth Me Route Accessed
2025-12-07 16:20:38 info: Getting three random tweets
2025-12-07 16:20:39 info: Verifying JWT token
2025-12-07 16:20:39 info: Verifying JWT token
2025-12-07 16:20:39 info: Verifying JWT token
2025-12-07 16:20:39 info: Fetching random users for tweet
2025-12-07 16:20:39 info: Getting three random tweets
2025-12-07 16:20:39 info: Get follower controller called
2025-12-07 16:20:39 info: Verifying JWT token
2025-12-07 16:20:39 info: Auth Me Route Accessed
2025-12-07 16:20:39 info: Verifying JWT token
2025-12-07 16:20:39 info: Verifying JWT token
2025-12-07 16:20:39 info: Verifying JWT token
2025-12-07 16:20:39 info: Verifying JWT token
2025-12-07 16:20:39 info: Fetching random users for tweet
2025-12-07 16:20:39 info: Getting three random tweets
2025-12-07 16:20:39 info: Get follower controller called
2025-12-07 16:20:39 info: Auth Me Route Accessed
2025-12-07 16:20:40 info: Verifying JWT token
2025-12-07 16:20:40 info: Verifying JWT token
2025-12-07 16:20:40 info: Verifying JWT token
2025-12-07 16:20:40 info: Getting three random tweets
2025-12-07 16:20:40 info: Fetching random users for tweet
2025-12-07 16:20:40 info: Get follower controller called
2025-12-07 16:20:40 info: Verifying JWT token
2025-12-07 16:20:40 info: Auth Me Route Accessed
2025-12-07 16:20:40 info: Verifying JWT token
2025-12-07 16:20:40 info: Verifying JWT token
2025-12-07 16:20:40 info: Verifying JWT token
2025-12-07 16:20:40 info: Verifying JWT token
2025-12-07 16:20:40 info: Getting three random tweets
2025-12-07 16:20:40 info: Fetching random users for tweet
2025-12-07 16:20:40 info: Auth Me Route Accessed
2025-12-07 16:20:40 info: Get follower controller called
2025-12-07 16:20:41 info: Verifying JWT token
2025-12-07 16:20:41 info: Verifying JWT token
2025-12-07 16:20:41 info: Verifying JWT token
2025-12-07 16:20:41 info: Fetching random users for tweet
2025-12-07 16:20:41 info: Getting three random tweets
2025-12-07 16:20:41 info: Get follower controller called
2025-12-07 16:20:41 info: Verifying JWT token
2025-12-07 16:20:41 info: Auth Me Route Accessed
2025-12-07 16:20:41 info: Verifying JWT token
2025-12-07 16:20:41 info: Verifying JWT token
2025-12-07 16:20:41 info: Verifying JWT token
2025-12-07 16:20:41 info: Verifying JWT token
2025-12-07 16:20:41 info: Auth Me Route Accessed
2025-12-07 16:20:41 info: Getting three random tweets
2025-12-07 16:20:41 info: Fetching random users for tweet
2025-12-07 16:20:41 info: Get follower controller called
2025-12-07 16:20:42 info: Verifying JWT token
2025-12-07 16:20:42 info: Verifying JWT token
2025-12-07 16:20:42 info: Verifying JWT token
2025-12-07 16:20:42 info: Fetching random users for tweet
2025-12-07 16:20:42 info: Get follower controller called
2025-12-07 16:20:42 info: Getting three random tweets
2025-12-07 16:20:42 info: Verifying JWT token
2025-12-07 16:20:42 info: Auth Me Route Accessed
2025-12-07 16:20:42 info: Verifying JWT token
2025-12-07 16:20:42 info: Verifying JWT token
2025-12-07 16:20:42 info: Verifying JWT token
2025-12-07 16:20:42 info: Verifying JWT token
2025-12-07 16:20:43 info: Fetching random users for tweet
2025-12-07 16:20:43 info: Getting three random tweets
2025-12-07 16:20:43 info: Auth Me Route Accessed
2025-12-07 16:20:43 info: Get follower controller called
2025-12-07 16:20:43 info: Verifying JWT token
2025-12-07 16:20:43 info: Verifying JWT token
2025-12-07 16:20:43 info: Verifying JWT token
2025-12-07 16:20:43 info: Get follower controller called
2025-12-07 16:20:43 info: Fetching random users for tweet
2025-12-07 16:20:43 info: Getting three random tweets
2025-12-07 16:20:43 info: Verifying JWT token
2025-12-07 16:20:43 info: Auth Me Route Accessed
2025-12-07 16:20:43 info: Verifying JWT token
2025-12-07 16:20:43 info: Verifying JWT token
2025-12-07 16:20:43 info: Verifying JWT token
2025-12-07 16:20:43 info: Verifying JWT token
2025-12-07 16:20:43 info: Fetching random users for tweet
2025-12-07 16:20:43 info: Getting three random tweets
2025-12-07 16:20:43 info: Auth Me Route Accessed
2025-12-07 16:20:43 info: Get follower controller called
2025-12-07 16:20:44 info: Verifying JWT token
2025-12-07 16:20:44 info: Verifying JWT token
2025-12-07 16:20:44 info: Verifying JWT token
2025-12-07 16:20:44 info: Get follower controller called
2025-12-07 16:20:44 info: Getting three random tweets
2025-12-07 16:20:44 info: Fetching random users for tweet
2025-12-07 16:20:44 info: Verifying JWT token
2025-12-07 16:20:44 info: Auth Me Route Accessed
2025-12-07 16:20:44 info: Verifying JWT token
2025-12-07 16:20:44 info: Verifying JWT token
2025-12-07 16:20:44 info: Verifying JWT token
2025-12-07 16:20:44 info: Verifying JWT token
2025-12-07 16:20:44 info: Auth Me Route Accessed
2025-12-07 16:20:44 info: Fetching random users for tweet
2025-12-07 16:20:44 info: Getting three random tweets
2025-12-07 16:20:44 info: Get follower controller called
2025-12-07 16:20:45 info: Verifying JWT token
2025-12-07 16:20:45 info: Verifying JWT token
2025-12-07 16:20:45 info: Verifying JWT token
2025-12-07 16:20:45 info: Get follower controller called
2025-12-07 16:20:45 info: Fetching random users for tweet
2025-12-07 16:20:45 info: Getting three random tweets
2025-12-07 16:20:45 info: Verifying JWT token
2025-12-07 16:20:45 info: Auth Me Route Accessed
2025-12-07 16:20:45 info: Verifying JWT token
2025-12-07 16:20:45 info: Verifying JWT token
2025-12-07 16:20:45 info: Verifying JWT token
2025-12-07 16:20:45 info: Verifying JWT token
2025-12-07 16:20:45 info: Auth Me Route Accessed
2025-12-07 16:20:45 info: Fetching random users for tweet
2025-12-07 16:20:45 info: Getting three random tweets
2025-12-07 16:20:45 info: Get follower controller called
2025-12-07 16:20:45 info: Verifying JWT token
2025-12-07 16:20:45 info: Verifying JWT token
2025-12-07 16:20:45 info: Verifying JWT token
2025-12-07 16:20:45 info: Fetching random users for tweet
2025-12-07 16:20:45 info: Get follower controller called
2025-12-07 16:20:45 info: Getting three random tweets
2025-12-07 16:21:55 info: Connecting to MongoDB...
2025-12-07 16:21:56 info: MongoDB connected successfully
2025-12-07 16:21:56 info: Verifying JWT token
2025-12-07 16:21:57 info: Verifying JWT token
2025-12-07 16:21:57 info: Auth Me Route Accessed
2025-12-07 16:21:57 info: Auth Me Route Accessed
2025-12-07 16:21:57 info: Verifying JWT token
2025-12-07 16:21:57 info: Verifying JWT token
2025-12-07 16:21:57 info: Verifying JWT token
2025-12-07 16:21:57 info: Verifying JWT token
2025-12-07 16:21:57 info: Auth Me Route Accessed
2025-12-07 16:21:57 info: Fetching random users for tweet
2025-12-07 16:21:57 info: Getting three random tweets
2025-12-07 16:21:57 info: Get follower controller called
2025-12-07 16:21:57 info: Verifying JWT token
2025-12-07 16:21:57 info: Verifying JWT token
2025-12-07 16:21:57 info: Verifying JWT token
2025-12-07 16:21:57 info: Fetching random users for tweet
2025-12-07 16:21:57 info: Getting three random tweets
2025-12-07 16:21:57 info: Get follower controller called
2025-12-07 16:21:58 info: Verifying JWT token
2025-12-07 16:21:58 info: Auth Me Route Accessed
2025-12-07 16:21:58 info: Verifying JWT token
2025-12-07 16:21:58 info: Verifying JWT token
2025-12-07 16:21:58 info: Verifying JWT token
2025-12-07 16:21:58 info: Verifying JWT token
2025-12-07 16:21:58 info: Auth Me Route Accessed
2025-12-07 16:21:58 info: Getting three random tweets
2025-12-07 16:21:58 info: Fetching random users for tweet
2025-12-07 16:21:58 info: Get follower controller called
2025-12-07 16:21:58 info: Verifying JWT token
2025-12-07 16:21:58 info: Verifying JWT token
2025-12-07 16:21:58 info: Verifying JWT token
2025-12-07 16:21:58 info: Fetching random users for tweet
2025-12-07 16:21:58 info: Get follower controller called
2025-12-07 16:21:58 info: Getting three random tweets
2025-12-07 16:21:58 info: Verifying JWT token
2025-12-07 16:21:58 info: Auth Me Route Accessed
2025-12-07 16:21:58 info: Verifying JWT token
2025-12-07 16:21:58 info: Verifying JWT token
2025-12-07 16:21:58 info: Verifying JWT token
2025-12-07 16:21:58 info: Verifying JWT token
2025-12-07 16:21:58 info: Auth Me Route Accessed
2025-12-07 16:21:58 info: Getting three random tweets
2025-12-07 16:21:58 info: Fetching random users for tweet
2025-12-07 16:21:58 info: Get follower controller called
2025-12-07 16:21:58 info: Verifying JWT token
2025-12-07 16:21:58 info: Verifying JWT token
2025-12-07 16:21:58 info: Verifying JWT token
2025-12-07 16:21:58 info: Fetching random users for tweet
2025-12-07 16:21:58 info: Get follower controller called
2025-12-07 16:21:58 info: Getting three random tweets
2025-12-07 16:22:02 info: Verifying JWT token
2025-12-07 16:22:02 info: Liking tweet
2025-12-07 16:22:34 info: Connecting to MongoDB...
2025-12-07 16:22:36 info: MongoDB connected successfully
2025-12-07 16:23:34 info: Connecting to MongoDB...
2025-12-07 16:24:16 info: Connecting to MongoDB...
2025-12-07 16:24:59 info: Connecting to MongoDB...
2025-12-07 16:25:00 info: MongoDB connected successfully
2025-12-07 16:25:30 info: Connecting to MongoDB...
2025-12-07 16:25:40 info: Connecting to MongoDB...
2025-12-07 16:25:41 info: MongoDB connected successfully
2025-12-07 16:28:54 info: Connecting to MongoDB...
2025-12-07 16:28:55 info: MongoDB connected successfully
2025-12-07 16:29:45 info: Connecting to MongoDB...
2025-12-07 16:29:46 info: MongoDB connected successfully
2025-12-07 16:30:41 info: Connecting to MongoDB...
2025-12-07 16:30:43 info: MongoDB connected successfully
2025-12-07 16:31:10 info: Connecting to MongoDB...
2025-12-07 16:31:11 info: MongoDB connected successfully
2025-12-07 16:31:40 info: Connecting to MongoDB...
2025-12-07 16:31:42 info: MongoDB connected successfully
2025-12-07 16:32:04 info: Verifying JWT token
2025-12-07 16:32:04 info: Auth Me Route Accessed
2025-12-07 16:32:04 info: Verifying JWT token
2025-12-07 16:32:04 info: Verifying JWT token
2025-12-07 16:32:04 info: Verifying JWT token
2025-12-07 16:32:04 info: Verifying JWT token
2025-12-07 16:32:04 info: Auth Me Route Accessed
2025-12-07 16:32:04 info: Fetching random users for tweet
2025-12-07 16:32:04 info: Getting three random tweets
2025-12-07 16:32:04 info: Get follower controller called
2025-12-07 16:32:04 info: Verifying JWT token
2025-12-07 16:32:04 info: Verifying JWT token
2025-12-07 16:32:04 info: Verifying JWT token
2025-12-07 16:32:05 info: Getting three random tweets
2025-12-07 16:32:05 info: Fetching random users for tweet
2025-12-07 16:32:05 info: Get follower controller called
2025-12-07 16:32:05 info: Verifying JWT token
2025-12-07 16:32:05 info: Liking tweet
2025-12-07 16:32:06 info: Verifying JWT token
2025-12-07 16:32:06 info: Liking tweet
2025-12-07 16:32:06 error: Tweet already liked by user
2025-12-07 16:32:07 info: Verifying JWT token
2025-12-07 16:32:07 info: Liking tweet
2025-12-07 16:32:07 error: Tweet already liked by user
2025-12-07 16:32:07 info: Verifying JWT token
2025-12-07 16:32:07 info: Liking tweet
2025-12-07 16:32:08 info: Verifying JWT token
2025-12-07 16:32:08 error: Tweet already liked by user
2025-12-07 16:32:08 info: Verifying JWT token
2025-12-07 16:32:08 info: Liking tweet
2025-12-07 16:32:08 info: Verifying JWT token
2025-12-07 16:32:08 info: Liking tweet
2025-12-07 16:32:08 error: Tweet already liked by user
2025-12-07 16:32:08 info: Liking tweet
2025-12-07 16:32:08 error: Tweet already liked by user
2025-12-07 16:32:08 error: Tweet already liked by user
2025-12-07 16:32:30 info: Connecting to MongoDB...
2025-12-07 16:32:32 info: MongoDB connected successfully
2025-12-07 16:33:36 info: User sign-in started
2025-12-07 16:33:37 info: Verifying JWT token
2025-12-07 16:33:37 info: Verifying JWT token
2025-12-07 16:33:37 info: Verifying JWT token
2025-12-07 16:33:37 info: Fetching random users for tweet
2025-12-07 16:33:37 info: Get follower controller called
2025-12-07 16:33:37 info: Getting three random tweets
2025-12-07 16:33:37 info: Verifying JWT token
2025-12-07 16:33:37 info: Verifying JWT token
2025-12-07 16:33:37 info: Verifying JWT token
2025-12-07 16:33:38 info: Get follower controller called
2025-12-07 16:33:38 info: Fetching random users for tweet
2025-12-07 16:33:38 info: Getting three random tweets
2025-12-07 16:33:39 info: Verifying JWT token
2025-12-07 16:33:39 info: Liking tweet
2025-12-07 16:33:42 info: Verifying JWT token
2025-12-07 16:33:42 info: Liking tweet
2025-12-07 16:33:42 error: Tweet already liked by user
2025-12-07 16:33:52 info: Verifying JWT token
2025-12-07 16:33:52 info: Auth Me Route Accessed
2025-12-07 16:33:52 info: Verifying JWT token
2025-12-07 16:33:52 info: Verifying JWT token
2025-12-07 16:33:52 info: Verifying JWT token
2025-12-07 16:33:52 info: Verifying JWT token
2025-12-07 16:33:52 info: Auth Me Route Accessed
2025-12-07 16:33:52 info: Getting three random tweets
2025-12-07 16:33:52 info: Fetching random users for tweet
2025-12-07 16:33:52 info: Verifying JWT token
2025-12-07 16:33:52 info: Verifying JWT token
2025-12-07 16:33:53 info: Getting three random tweets
2025-12-07 16:33:53 info: Fetching random users for tweet
2025-12-07 16:33:53 info: Get follower controller called
2025-12-07 16:33:54 info: Verifying JWT token
2025-12-07 16:33:54 info: Get follower controller called
2025-12-07 16:33:59 info: Verifying JWT token
2025-12-07 16:34:00 info: Verifying JWT token
2025-12-07 16:34:00 info: Liking tweet
2025-12-07 16:34:00 error: Tweet already liked by user
2025-12-07 16:34:00 info: Liking tweet
2025-12-07 16:34:00 error: Tweet already liked by user
2025-12-07 16:36:03 info: Connecting to MongoDB...
2025-12-07 16:36:04 info: MongoDB connected successfully
2025-12-07 16:37:22 info: Connecting to MongoDB...
2025-12-07 16:37:29 info: MongoDB connected successfully
2025-12-07 16:39:45 info: Verifying JWT token
2025-12-07 16:39:45 info: Auth Me Route Accessed
2025-12-07 16:39:45 info: Verifying JWT token
2025-12-07 16:39:46 info: Verifying JWT token
2025-12-07 16:39:46 info: Verifying JWT token
2025-12-07 16:39:46 info: Verifying JWT token
2025-12-07 16:39:46 info: Get follower controller called
2025-12-07 16:39:46 info: Getting three random tweets
2025-12-07 16:39:46 info: Fetching random users for tweet
2025-12-07 16:39:46 info: Auth Me Route Accessed
2025-12-07 16:39:46 info: Verifying JWT token
2025-12-07 16:39:46 info: Verifying JWT token
2025-12-07 16:39:46 info: Verifying JWT token
2025-12-07 16:39:46 info: Fetching random users for tweet
2025-12-07 16:39:46 info: Getting three random tweets
2025-12-07 16:39:46 info: Get follower controller called
2025-12-07 16:39:46 info: Verifying JWT token
2025-12-07 16:39:46 info: Auth Me Route Accessed
2025-12-07 16:39:46 info: Verifying JWT token
2025-12-07 16:39:46 info: Verifying JWT token
2025-12-07 16:39:46 info: Verifying JWT token
2025-12-07 16:39:46 info: Verifying JWT token
2025-12-07 16:39:46 info: Auth Me Route Accessed
2025-12-07 16:39:46 info: Fetching random users for tweet
2025-12-07 16:39:46 info: Getting three random tweets
2025-12-07 16:39:46 info: Get follower controller called
2025-12-07 16:39:46 info: Verifying JWT token
2025-12-07 16:39:46 info: Verifying JWT token
2025-12-07 16:39:46 info: Getting three random tweets
2025-12-07 16:39:46 info: Auth Me Route Accessed
2025-12-07 16:39:46 info: Verifying JWT token
2025-12-07 16:39:46 info: Verifying JWT token
2025-12-07 16:39:46 info: Verifying JWT token
2025-12-07 16:39:46 info: Verifying JWT token
2025-12-07 16:39:46 info: Verifying JWT token
2025-12-07 16:39:46 info: Auth Me Route Accessed
2025-12-07 16:39:46 info: Getting three random tweets
2025-12-07 16:39:46 info: Get follower controller called
2025-12-07 16:39:46 info: Fetching random users for tweet
2025-12-07 16:39:46 info: Verifying JWT token
2025-12-07 16:39:46 info: Verifying JWT token
2025-12-07 16:39:46 info: Getting three random tweets
2025-12-07 16:39:46 info: Get follower controller called
2025-12-07 16:39:47 info: Verifying JWT token
2025-12-07 16:39:47 info: Liking tweet
2025-12-07 16:39:48 error: Tweet already liked by user
2025-12-07 16:39:53 info: Fetching random users for tweet
2025-12-07 16:40:22 info: Verifying JWT token
2025-12-07 16:40:22 info: Liking tweet
2025-12-07 16:40:22 error: Tweet already liked by user
2025-12-07 16:40:28 info: Verifying JWT token
2025-12-07 16:40:28 info: Auth Me Route Accessed
2025-12-07 16:40:28 info: Verifying JWT token
2025-12-07 16:40:28 info: Verifying JWT token
2025-12-07 16:40:28 info: Verifying JWT token
2025-12-07 16:40:28 info: Verifying JWT token
2025-12-07 16:40:29 info: Auth Me Route Accessed
2025-12-07 16:40:29 info: Getting three random tweets
2025-12-07 16:40:29 info: Fetching random users for tweet
2025-12-07 16:40:29 info: Get follower controller called
2025-12-07 16:40:29 info: Verifying JWT token
2025-12-07 16:40:29 info: Verifying JWT token
2025-12-07 16:40:29 info: Verifying JWT token
2025-12-07 16:40:29 info: Get follower controller called
2025-12-07 16:40:29 info: Fetching random users for tweet
2025-12-07 16:40:29 info: Getting three random tweets
2025-12-07 16:40:29 info: Verifying JWT token
2025-12-07 16:40:30 info: Auth Me Route Accessed
2025-12-07 16:40:30 info: Verifying JWT token
2025-12-07 16:40:30 info: Verifying JWT token
2025-12-07 16:40:30 info: Verifying JWT token
2025-12-07 16:40:30 info: Verifying JWT token
2025-12-07 16:40:30 info: Auth Me Route Accessed
2025-12-07 16:40:30 info: Getting three random tweets
2025-12-07 16:40:30 info: Get follower controller called
2025-12-07 16:40:30 info: Fetching random users for tweet
2025-12-07 16:40:30 info: Verifying JWT token
2025-12-07 16:40:30 info: Verifying JWT token
2025-12-07 16:40:30 info: Verifying JWT token
2025-12-07 16:40:30 info: Get follower controller called
2025-12-07 16:40:30 info: Fetching random users for tweet
2025-12-07 16:40:30 info: Getting three random tweets
2025-12-07 16:41:07 info: Verifying JWT token
2025-12-07 16:41:07 info: Verifying JWT token
2025-12-07 16:41:07 info: Liking tweet
2025-12-07 16:41:07 info: Liking tweet
2025-12-07 16:41:41 info: Verifying JWT token
2025-12-07 16:41:41 info: Liking tweet
2025-12-07 16:41:41 error: Tweet already liked by user
2025-12-07 16:41:41 info: Verifying JWT token
2025-12-07 16:41:42 info: Liking tweet
2025-12-07 16:41:42 error: Tweet already liked by user
2025-12-07 16:41:42 info: Verifying JWT token
2025-12-07 16:41:42 info: Liking tweet
2025-12-07 16:41:42 info: Verifying JWT token
2025-12-07 16:41:42 error: Tweet already liked by user
2025-12-07 16:41:42 info: Liking tweet
2025-12-07 16:41:42 info: Verifying JWT token
2025-12-07 16:41:42 error: Tweet already liked by user
2025-12-07 16:41:42 info: Liking tweet
2025-12-07 16:41:43 error: Tweet already liked by user
2025-12-07 16:41:44 info: Verifying JWT token
2025-12-07 16:41:44 info: Liking tweet
2025-12-07 16:41:44 error: Tweet already liked by user
2025-12-07 16:41:45 info: Verifying JWT token
2025-12-07 16:41:45 info: Liking tweet
2025-12-07 16:41:45 error: Tweet already liked by user
2025-12-07 16:41:45 info: Verifying JWT token
2025-12-07 16:41:45 info: Liking tweet
2025-12-07 16:41:45 error: Tweet already liked by user
2025-12-07 16:44:14 info: Verifying JWT token
2025-12-07 16:44:14 info: Auth Me Route Accessed
2025-12-07 16:44:14 info: Verifying JWT token
2025-12-07 16:44:14 info: Auth Me Route Accessed
2025-12-07 16:44:14 info: Verifying JWT token
2025-12-07 16:44:14 info: Verifying JWT token
2025-12-07 16:44:14 info: Verifying JWT token
2025-12-07 16:44:14 info: Verifying JWT token
2025-12-07 16:44:14 info: Auth Me Route Accessed
2025-12-07 16:44:14 info: Fetching random users for tweet
2025-12-07 16:44:14 info: Getting three random tweets
2025-12-07 16:44:14 info: Verifying JWT token
2025-12-07 16:44:14 info: Get follower controller called
2025-12-07 16:44:14 info: Auth Me Route Accessed
2025-12-07 16:44:14 info: Verifying JWT token
2025-12-07 16:44:14 info: Verifying JWT token
2025-12-07 16:44:14 info: Verifying JWT token
2025-12-07 16:44:14 info: Verifying JWT token
2025-12-07 16:44:14 info: Verifying JWT token
2025-12-07 16:44:14 info: Auth Me Route Accessed
2025-12-07 16:44:14 info: Getting three random tweets
2025-12-07 16:44:14 info: Get follower controller called
2025-12-07 16:44:14 info: Fetching random users for tweet
2025-12-07 16:44:14 info: Get follower controller called
2025-12-07 16:44:15 info: Verifying JWT token
2025-12-07 16:44:15 info: Verifying JWT token
2025-12-07 16:44:15 info: Getting three random tweets
2025-12-07 16:44:15 info: Fetching random users for tweet
2025-12-07 16:44:23 info: Verifying JWT token
2025-12-07 16:44:23 info: Auth Me Route Accessed
2025-12-07 16:44:23 info: Verifying JWT token
2025-12-07 16:44:23 info: Verifying JWT token
2025-12-07 16:44:23 info: Verifying JWT token
2025-12-07 16:44:23 info: Verifying JWT token
2025-12-07 16:44:24 info: Auth Me Route Accessed
2025-12-07 16:44:24 info: Fetching random users for tweet
2025-12-07 16:44:24 info: Getting three random tweets
2025-12-07 16:44:24 info: Get follower controller called
2025-12-07 16:44:24 info: Verifying JWT token
2025-12-07 16:44:24 info: Auth Me Route Accessed
2025-12-07 16:44:24 info: Verifying JWT token
2025-12-07 16:44:24 info: Verifying JWT token
2025-12-07 16:44:24 info: Verifying JWT token
2025-12-07 16:44:24 info: Verifying JWT token
2025-12-07 16:44:24 info: Auth Me Route Accessed
2025-12-07 16:44:24 info: Getting three random tweets
2025-12-07 16:44:24 info: Fetching random users for tweet
2025-12-07 16:44:24 info: Get follower controller called
2025-12-07 16:44:24 info: Verifying JWT token
2025-12-07 16:44:24 info: Verifying JWT token
2025-12-07 16:44:24 info: Verifying JWT token
2025-12-07 16:44:24 info: Get follower controller called
2025-12-07 16:44:24 info: Getting three random tweets
2025-12-07 16:44:24 info: Fetching random users for tweet
2025-12-07 16:44:31 info: Verifying JWT token
2025-12-07 16:44:31 info: Liking tweet
2025-12-07 16:44:31 error: Tweet already liked by user
2025-12-07 16:44:32 info: Verifying JWT token
2025-12-07 16:44:32 info: Verifying JWT token
2025-12-07 16:44:32 info: Liking tweet
2025-12-07 16:44:32 error: Tweet already liked by user
2025-12-07 16:44:32 info: Liking tweet
2025-12-07 16:44:32 error: Tweet already liked by user
2025-12-07 16:45:59 info: Connecting to MongoDB...
2025-12-07 16:46:02 info: MongoDB connected successfully
2025-12-07 16:46:16 info: User sign-in started
2025-12-07 16:46:16 info: Verifying JWT token
2025-12-07 16:46:16 info: Verifying JWT token
2025-12-07 16:46:16 info: Verifying JWT token
2025-12-07 16:46:16 info: Getting three random tweets
2025-12-07 16:46:16 info: Fetching random users for tweet
2025-12-07 16:46:16 info: Get follower controller called
2025-12-07 16:46:16 info: Verifying JWT token
2025-12-07 16:46:16 info: Verifying JWT token
2025-12-07 16:46:16 info: Verifying JWT token
2025-12-07 16:46:16 info: Getting three random tweets
2025-12-07 16:46:16 info: Fetching random users for tweet
2025-12-07 16:46:16 info: Get follower controller called
2025-12-07 16:46:18 info: Verifying JWT token
2025-12-07 16:46:18 info: Liking tweet
2025-12-07 16:46:20 info: Verifying JWT token
2025-12-07 16:46:20 info: Liking tweet
2025-12-07 16:46:20 error: Tweet already liked by user
2025-12-07 16:50:06 info: Connecting to MongoDB...
2025-12-07 16:50:20 info: Connecting to MongoDB...
2025-12-07 16:50:27 info: MongoDB connected successfully
2025-12-07 16:50:48 info: Verifying JWT token
2025-12-07 16:50:48 info: Auth Me Route Accessed
2025-12-07 16:50:48 info: Verifying JWT token
2025-12-07 16:50:49 info: Auth Me Route Accessed
2025-12-07 16:50:49 info: Verifying JWT token
2025-12-07 16:50:49 info: Auth Me Route Accessed
2025-12-07 16:50:49 info: Verifying JWT token
2025-12-07 16:50:49 info: Verifying JWT token
2025-12-07 16:50:49 info: Verifying JWT token
2025-12-07 16:50:49 info: Verifying JWT token
2025-12-07 16:50:49 info: Getting three random tweets
2025-12-07 16:50:49 info: Fetching random users for tweet
2025-12-07 16:50:49 info: Auth Me Route Accessed
2025-12-07 16:50:49 info: Verifying JWT token
2025-12-07 16:50:49 info: Verifying JWT token
2025-12-07 16:50:49 info: Getting three random tweets
2025-12-07 16:50:49 info: Fetching random users for tweet
2025-12-07 16:50:50 info: Get follower controller called
2025-12-07 16:50:50 info: Verifying JWT token
2025-12-07 16:50:50 info: Get follower controller called
2025-12-07 16:50:50 info: Verifying JWT token
2025-12-07 16:50:50 info: Liking tweet
2025-12-07 16:50:51 error: Tweet already liked by user
2025-12-07 16:50:57 info: Verifying JWT token
2025-12-07 16:50:57 info: Liking tweet
2025-12-07 16:52:31 info: Verifying JWT token
2025-12-07 16:52:31 info: Unliking tweet
2025-12-07 16:52:33 info: Verifying JWT token
2025-12-07 16:52:33 info: Liking tweet
2025-12-07 16:52:33 error: Tweet already liked by user
2025-12-07 16:52:35 info: Verifying JWT token
2025-12-07 16:52:35 info: Liking tweet
2025-12-07 16:52:35 error: Tweet already liked by user
2025-12-07 16:52:36 info: Verifying JWT token
2025-12-07 16:52:36 info: Auth Me Route Accessed
2025-12-07 16:52:36 info: Verifying JWT token
2025-12-07 16:52:36 info: Verifying JWT token
2025-12-07 16:52:36 info: Verifying JWT token
2025-12-07 16:52:36 info: Verifying JWT token
2025-12-07 16:52:36 info: Auth Me Route Accessed
2025-12-07 16:52:36 info: Getting three random tweets
2025-12-07 16:52:36 info: Fetching random users for tweet
2025-12-07 16:52:36 info: Get follower controller called
2025-12-07 16:52:36 info: Verifying JWT token
2025-12-07 16:52:36 info: Verifying JWT token
2025-12-07 16:52:36 info: Verifying JWT token
2025-12-07 16:52:36 info: Getting three random tweets
2025-12-07 16:52:36 info: Fetching random users for tweet
2025-12-07 16:52:36 info: Get follower controller called
2025-12-07 16:52:38 info: Verifying JWT token
2025-12-07 16:52:38 info: Liking tweet
2025-12-07 16:52:38 error: Tweet already liked by user
2025-12-07 16:52:43 info: Verifying JWT token
2025-12-07 16:52:43 info: Liking tweet
2025-12-07 16:52:45 info: Verifying JWT token
2025-12-07 16:52:46 info: Unliking tweet
2025-12-07 16:52:48 info: Verifying JWT token
2025-12-07 16:52:48 info: Liking tweet
2025-12-07 16:52:48 error: Tweet already liked by user
2025-12-07 16:52:52 info: Verifying JWT token
2025-12-07 16:52:52 info: Liking tweet
2025-12-07 16:52:52 error: Tweet already liked by user
2025-12-07 16:54:44 info: Connecting to MongoDB...
2025-12-07 16:54:46 info: MongoDB connected successfully
2025-12-07 16:55:52 info: Connecting to MongoDB...
2025-12-07 16:55:55 info: MongoDB connected successfully
2025-12-07 16:56:16 info: Connecting to MongoDB...
2025-12-07 16:56:18 info: MongoDB connected successfully
2025-12-07 16:56:20 info: Verifying JWT token
2025-12-07 16:56:20 info: Auth Me Route Accessed
2025-12-07 16:56:20 info: Verifying JWT token
2025-12-07 16:56:20 info: Verifying JWT token
2025-12-07 16:56:20 info: Verifying JWT token
2025-12-07 16:56:20 info: Verifying JWT token
2025-12-07 16:56:20 info: Auth Me Route Accessed
2025-12-07 16:56:20 info: Fetching random users for tweet
2025-12-07 16:56:20 info: Getting three random tweets
2025-12-07 16:56:20 info: Verifying JWT token
2025-12-07 16:56:20 info: Verifying JWT token
2025-12-07 16:56:20 info: Fetching random users for tweet
2025-12-07 16:56:20 info: Getting three random tweets
2025-12-07 16:56:21 info: Get follower controller called
2025-12-07 16:56:21 info: Verifying JWT token
2025-12-07 16:56:21 info: Get follower controller called
2025-12-07 16:56:22 info: Verifying JWT token
2025-12-07 16:56:22 info: Liking tweet
2025-12-07 16:56:22 error: Tweet already liked by user
2025-12-07 16:56:26 info: Verifying JWT token
2025-12-07 16:56:26 info: Liking tweet
2025-12-07 16:56:26 error: Tweet already liked by user
2025-12-07 16:56:29 info: Verifying JWT token
2025-12-07 16:56:29 info: Liking tweet
2025-12-07 16:56:29 error: Tweet already liked by user
2025-12-07 16:56:30 info: Verifying JWT token
2025-12-07 16:56:30 info: Auth Me Route Accessed
2025-12-07 16:56:30 info: Verifying JWT token
2025-12-07 16:56:30 info: Verifying JWT token
2025-12-07 16:56:30 info: Verifying JWT token
2025-12-07 16:56:30 info: Verifying JWT token
2025-12-07 16:56:31 info: Auth Me Route Accessed
2025-12-07 16:56:31 info: Fetching random users for tweet
2025-12-07 16:56:31 info: Getting three random tweets
2025-12-07 16:56:31 info: Get follower controller called
2025-12-07 16:56:31 info: Verifying JWT token
2025-12-07 16:56:31 info: Verifying JWT token
2025-12-07 16:56:31 info: Verifying JWT token
2025-12-07 16:56:31 info: Get follower controller called
2025-12-07 16:56:31 info: Getting three random tweets
2025-12-07 16:56:31 info: Fetching random users for tweet
2025-12-07 16:56:32 info: Verifying JWT token
2025-12-07 16:56:32 info: Liking tweet
2025-12-07 16:56:33 error: Tweet already liked by user
2025-12-07 16:56:34 info: Verifying JWT token
2025-12-07 16:56:35 info: Liking tweet
2025-12-07 16:56:37 info: Verifying JWT token
2025-12-07 16:56:37 info: Unliking tweet
2025-12-07 16:56:39 info: Verifying JWT token
2025-12-07 16:56:39 info: Liking tweet
2025-12-07 16:56:40 info: Verifying JWT token
2025-12-07 16:56:41 info: Unliking tweet
2025-12-07 16:56:43 info: Verifying JWT token
2025-12-07 16:56:43 info: Liking tweet
2025-12-07 16:56:45 info: Verifying JWT token
2025-12-07 16:56:46 info: Unliking tweet
2025-12-07 16:58:39 info: Verifying JWT token
2025-12-07 16:58:39 info: Liking tweet
2025-12-07 16:58:40 error: Tweet already liked by user
2025-12-07 16:58:41 info: Verifying JWT token
2025-12-07 16:58:41 info: Liking tweet
2025-12-07 16:58:42 info: Verifying JWT token
2025-12-07 16:58:42 info: Liking tweet
2025-12-07 16:58:43 error: Tweet already liked by user
2025-12-07 16:58:44 info: Verifying JWT token
2025-12-07 16:58:44 info: Unliking tweet
2025-12-07 16:58:44 info: Verifying JWT token
2025-12-07 16:58:44 info: Liking tweet
2025-12-07 16:58:45 info: Verifying JWT token
2025-12-07 16:58:45 info: Unliking tweet
2025-12-07 17:00:09 info: Connecting to MongoDB...
2025-12-07 17:00:10 info: MongoDB connected successfully
2025-12-07 17:02:21 info: Connecting to MongoDB...
2025-12-07 17:02:28 info: MongoDB connected successfully
2025-12-07 17:03:28 info: Connecting to MongoDB...
2025-12-07 17:03:34 info: Connecting to MongoDB...
2025-12-07 17:03:35 info: MongoDB connected successfully
2025-12-07 17:04:21 info: Connecting to MongoDB...
2025-12-07 17:04:31 info: Connecting to MongoDB...
2025-12-07 17:04:32 info: MongoDB connected successfully
2025-12-07 17:07:50 info: Verifying JWT token
2025-12-07 17:07:50 info: Verifying JWT token
2025-12-07 17:07:50 info: Verifying JWT token
2025-12-07 17:07:50 info: Getting three random tweets
2025-12-07 17:07:50 info: Get follower controller called
2025-12-07 17:07:50 info: Fetching random users for tweet
2025-12-07 17:09:19 info: Verifying JWT token
2025-12-07 17:09:19 info: Verifying JWT token
2025-12-07 17:09:19 info: Verifying JWT token
2025-12-07 17:09:19 info: Getting three random tweets
2025-12-07 17:09:19 info: Fetching random users for tweet
2025-12-07 17:09:19 info: Get follower controller called
2025-12-07 17:09:24 info: Verifying JWT token
2025-12-07 17:09:24 info: Verifying JWT token
2025-12-07 17:09:24 info: Verifying JWT token
2025-12-07 17:09:24 info: Fetching random users for tweet
2025-12-07 17:09:24 info: Getting three random tweets
2025-12-07 17:09:24 info: Get follower controller called
2025-12-07 17:09:33 info: Verifying JWT token
2025-12-07 17:09:34 info: Auth Me Route Accessed
2025-12-07 17:09:34 info: Verifying JWT token
2025-12-07 17:09:34 info: Verifying JWT token
2025-12-07 17:09:34 info: Verifying JWT token
2025-12-07 17:09:34 info: Verifying JWT token
2025-12-07 17:09:34 info: Auth Me Route Accessed
2025-12-07 17:09:34 info: Get follower controller called
2025-12-07 17:09:34 info: Getting three random tweets
2025-12-07 17:09:34 info: Fetching random users for tweet
2025-12-07 17:09:34 info: Verifying JWT token
2025-12-07 17:09:34 info: Verifying JWT token
2025-12-07 17:09:34 info: Getting three random tweets
2025-12-07 17:09:34 info: Auth Me Route Accessed
2025-12-07 17:09:34 info: Verifying JWT token
2025-12-07 17:09:34 info: Verifying JWT token
2025-12-07 17:09:34 info: Verifying JWT token
2025-12-07 17:09:34 info: Verifying JWT token
2025-12-07 17:09:34 info: Verifying JWT token
2025-12-07 17:09:34 info: Auth Me Route Accessed
2025-12-07 17:09:34 info: Fetching random users for tweet
2025-12-07 17:09:34 info: Getting three random tweets
2025-12-07 17:09:34 info: Get follower controller called
2025-12-07 17:09:34 info: Verifying JWT token
2025-12-07 17:09:34 info: Auth Me Route Accessed
2025-12-07 17:09:34 info: Verifying JWT token
2025-12-07 17:09:34 info: Verifying JWT token
2025-12-07 17:09:34 info: Verifying JWT token
2025-12-07 17:09:34 info: Verifying JWT token
2025-12-07 17:09:35 info: Auth Me Route Accessed
2025-12-07 17:09:35 info: Fetching random users for tweet
2025-12-07 17:09:35 info: Get follower controller called
2025-12-07 17:09:35 info: Getting three random tweets
2025-12-07 17:09:35 info: Verifying JWT token
2025-12-07 17:09:35 info: Verifying JWT token
2025-12-07 17:09:35 info: Verifying JWT token
2025-12-07 17:09:35 info: Get follower controller called
2025-12-07 17:09:35 info: Fetching random users for tweet
2025-12-07 17:09:35 info: Getting three random tweets
2025-12-07 17:09:36 info: Get follower controller called
2025-12-07 17:09:39 info: Verifying JWT token
2025-12-07 17:09:39 info: Liking tweet
2025-12-07 17:09:41 info: Verifying JWT token
2025-12-07 17:09:41 info: Unliking tweet
2025-12-07 17:09:42 info: Verifying JWT token
2025-12-07 17:09:43 info: Liking tweet
2025-12-07 17:09:45 info: Verifying JWT token
2025-12-07 17:09:45 info: Unliking tweet
2025-12-07 17:09:46 info: Verifying JWT token
2025-12-07 17:09:47 info: Liking tweet
2025-12-07 17:09:48 info: Verifying JWT token
2025-12-07 17:09:48 info: Unliking tweet
2025-12-07 17:10:04 info: Verifying JWT token
2025-12-07 17:10:04 info: Auth Me Route Accessed
2025-12-07 17:10:04 info: Verifying JWT token
2025-12-07 17:10:05 info: Verifying JWT token
2025-12-07 17:10:05 info: Verifying JWT token
2025-12-07 17:10:05 info: Verifying JWT token
2025-12-07 17:10:05 info: Fetching random users for tweet
2025-12-07 17:10:05 info: Getting three random tweets
2025-12-07 17:10:05 info: Auth Me Route Accessed
2025-12-07 17:10:05 info: Get follower controller called
2025-12-07 17:10:05 info: Verifying JWT token
2025-12-07 17:10:05 info: Verifying JWT token
2025-12-07 17:10:05 info: Verifying JWT token
2025-12-07 17:10:05 info: Fetching random users for tweet
2025-12-07 17:10:05 info: Get follower controller called
2025-12-07 17:10:05 info: Getting three random tweets
2025-12-07 17:10:08 info: Verifying JWT token
2025-12-07 17:10:09 info: Auth Me Route Accessed
2025-12-07 17:10:09 info: Verifying JWT token
2025-12-07 17:10:09 info: Verifying JWT token
2025-12-07 17:10:09 info: Verifying JWT token
2025-12-07 17:10:09 info: Verifying JWT token
2025-12-07 17:10:09 info: Auth Me Route Accessed
2025-12-07 17:10:09 info: Fetching random users for tweet
2025-12-07 17:10:09 info: Getting three random tweets
2025-12-07 17:10:09 info: Get follower controller called
2025-12-07 17:10:09 info: Verifying JWT token
2025-12-07 17:10:09 info: Verifying JWT token
2025-12-07 17:10:09 info: Verifying JWT token
2025-12-07 17:10:09 info: Fetching random users for tweet
2025-12-07 17:10:09 info: Getting three random tweets
2025-12-07 17:10:09 info: Get follower controller called
2025-12-07 17:10:11 info: Verifying JWT token
2025-12-07 17:10:11 info: Liking tweet
2025-12-07 17:10:19 info: Verifying JWT token
2025-12-07 17:10:19 error: Authentication failed
2025-12-07 17:10:19 info: Verifying JWT token
2025-12-07 17:10:19 error: Authentication failed
2025-12-07 17:10:21 info: User sign-in started
2025-12-07 17:10:22 info: Verifying JWT token
2025-12-07 17:10:22 info: Verifying JWT token
2025-12-07 17:10:22 info: Verifying JWT token
2025-12-07 17:10:22 info: Verifying JWT token
2025-12-07 17:10:22 info: Get follower controller called
2025-12-07 17:10:22 info: Fetching random users for tweet
2025-12-07 17:10:22 info: Getting three random tweets
2025-12-07 17:10:22 info: Getting three random tweets
2025-12-07 17:10:22 info: Verifying JWT token
2025-12-07 17:10:22 info: Verifying JWT token
2025-12-07 17:10:22 info: Get follower controller called
2025-12-07 17:10:22 info: Fetching random users for tweet
2025-12-07 17:10:25 info: Verifying JWT token
2025-12-07 17:10:25 info: Verifying JWT token
2025-12-07 17:10:25 info: Get all conversations called
2025-12-07 17:10:25 info: Get all conversations called
2025-12-07 17:10:26 info: Verifying JWT token
2025-12-07 17:10:26 info: Verifying JWT token
2025-12-07 17:10:27 info: Getting notifications for user
2025-12-07 17:10:27 info: Getting notifications for user
2025-12-07 17:10:28 info: Verifying JWT token
2025-12-07 17:10:28 info: Verifying JWT token
2025-12-07 17:10:28 info: Auth Me Route Accessed
2025-12-07 17:10:28 info: Auth Me Route Accessed
2025-12-07 17:10:28 info: Verifying JWT token
2025-12-07 17:10:28 info: Verifying JWT token
2025-12-07 17:10:28 info: Verifying JWT token
2025-12-07 17:10:28 info: Verifying JWT token
2025-12-07 17:10:28 info: Verifying JWT token
2025-12-07 17:10:28 info: Verifying JWT token
2025-12-07 17:10:28 info: Fetching random users for tweet
2025-12-07 17:10:28 info: Getting notifications for user
2025-12-07 17:10:28 info: Getting notifications for user
2025-12-07 17:10:28 info: Get follower controller called
2025-12-07 17:10:28 info: Fetching random users for tweet
2025-12-07 17:10:29 info: Verifying JWT token
2025-12-07 17:10:29 info: Verifying JWT token
2025-12-07 17:10:29 info: Auth Me Route Accessed
2025-12-07 17:10:29 info: Auth Me Route Accessed
2025-12-07 17:10:29 info: Get follower controller called
2025-12-07 17:10:30 info: User sign-in started
2025-12-07 17:10:31 info: Verifying JWT token
2025-12-07 17:10:31 info: Verifying JWT token
2025-12-07 17:10:31 info: Verifying JWT token
2025-12-07 17:10:31 info: Verifying JWT token
2025-12-07 17:10:31 info: Verifying JWT token
2025-12-07 17:10:31 info: Verifying JWT token
2025-12-07 17:10:31 info: Getting three random tweets
2025-12-07 17:10:31 info: Getting three random tweets
2025-12-07 17:10:31 info: Get follower controller called
2025-12-07 17:10:31 info: Fetching random users for tweet
2025-12-07 17:10:31 info: Get follower controller called
2025-12-07 17:10:31 info: Fetching random users for tweet
2025-12-07 17:10:32 info: Verifying JWT token
2025-12-07 17:10:32 info: Verifying JWT token
2025-12-07 17:10:32 info: Get all conversations called
2025-12-07 17:10:32 info: Get all conversations called
2025-12-07 17:10:34 info: Verifying JWT token
2025-12-07 17:10:34 info: Verifying JWT token
2025-12-07 17:10:34 info: Getting notifications for user
2025-12-07 17:10:34 info: Getting notifications for user
2025-12-07 17:10:35 info: Verifying JWT token
2025-12-07 17:10:35 info: Verifying JWT token
2025-12-07 17:10:35 info: Auth Me Route Accessed
2025-12-07 17:10:35 info: Auth Me Route Accessed
2025-12-07 17:10:35 info: Verifying JWT token
2025-12-07 17:10:35 info: Verifying JWT token
2025-12-07 17:10:35 info: Verifying JWT token
2025-12-07 17:10:35 info: Verifying JWT token
2025-12-07 17:10:35 info: Verifying JWT token
2025-12-07 17:10:35 info: Verifying JWT token
2025-12-07 17:10:35 info: Getting notifications for user
2025-12-07 17:10:35 info: Get follower controller called
2025-12-07 17:10:35 info: Fetching random users for tweet
2025-12-07 17:10:35 info: Fetching random users for tweet
2025-12-07 17:10:35 info: Get follower controller called
2025-12-07 17:10:35 info: Getting notifications for user
2025-12-07 17:10:36 info: Verifying JWT token
2025-12-07 17:10:36 info: Verifying JWT token
2025-12-07 17:10:36 info: Auth Me Route Accessed
2025-12-07 17:10:36 info: Auth Me Route Accessed
2025-12-07 17:10:36 info: Verifying JWT token
2025-12-07 17:10:36 info: Verifying JWT token
2025-12-07 17:10:36 info: Verifying JWT token
2025-12-07 17:10:36 info: Verifying JWT token
2025-12-07 17:10:36 info: Verifying JWT token
2025-12-07 17:10:36 info: Verifying JWT token
2025-12-07 17:10:36 info: Fetching random users for tweet
2025-12-07 17:10:36 info: Get follower controller called
2025-12-07 17:10:36 info: Getting notifications for user
2025-12-07 17:10:36 info: Fetching random users for tweet
2025-12-07 17:10:36 info: Getting notifications for user
2025-12-07 17:10:36 info: Get follower controller called
2025-12-07 17:10:42 info: Verifying JWT token
2025-12-07 17:10:42 info: Unliking tweet
2025-12-07 17:10:46 info: Verifying JWT token
2025-12-07 17:10:46 info: Verifying JWT token
2025-12-07 17:10:46 info: Auth Me Route Accessed
2025-12-07 17:10:46 info: Auth Me Route Accessed
2025-12-07 17:10:46 info: Verifying JWT token
2025-12-07 17:10:46 info: Verifying JWT token
2025-12-07 17:10:46 info: Verifying JWT token
2025-12-07 17:10:46 info: Verifying JWT token
2025-12-07 17:10:46 info: Verifying JWT token
2025-12-07 17:10:46 info: Verifying JWT token
2025-12-07 17:10:46 info: Fetching random users for tweet
2025-12-07 17:10:46 info: Fetching random users for tweet
2025-12-07 17:10:46 info: Getting notifications for user
2025-12-07 17:10:46 info: Get follower controller called
2025-12-07 17:10:46 info: Getting notifications for user
2025-12-07 17:10:46 info: Get follower controller called
2025-12-07 17:12:17 info: Verifying JWT token
2025-12-07 17:12:17 info: Getting user tweets
2025-12-07 17:12:18 info: Verifying JWT token
2025-12-07 17:12:18 info: Getting user tweets
2025-12-07 17:12:18 info: Verifying JWT token
2025-12-07 17:12:18 info: Auth Me Route Accessed
2025-12-07 17:12:18 info: Verifying JWT token
2025-12-07 17:12:18 info: Verifying JWT token
2025-12-07 17:12:18 info: Verifying JWT token
2025-12-07 17:12:18 info: Verifying JWT token
2025-12-07 17:12:18 info: Auth Me Route Accessed
2025-12-07 17:12:18 info: Getting user tweets
2025-12-07 17:12:18 info: Fetching random users for tweet
2025-12-07 17:12:18 info: Get follower controller called
2025-12-07 17:12:18 info: Verifying JWT token
2025-12-07 17:12:18 info: Verifying JWT token
2025-12-07 17:12:18 info: Verifying JWT token
2025-12-07 17:12:18 info: Fetching random users for tweet
2025-12-07 17:12:18 info: Getting user tweets
2025-12-07 17:12:18 info: Get follower controller called
2025-12-07 17:12:19 info: Verifying JWT token
2025-12-07 17:12:19 info: Auth Me Route Accessed
2025-12-07 17:12:19 info: Verifying JWT token
2025-12-07 17:12:19 info: Verifying JWT token
2025-12-07 17:12:19 info: Verifying JWT token
2025-12-07 17:12:19 info: Verifying JWT token
2025-12-07 17:12:19 info: Auth Me Route Accessed
2025-12-07 17:12:19 info: Getting user tweets
2025-12-07 17:12:19 info: Fetching random users for tweet
2025-12-07 17:12:19 info: Get follower controller called
2025-12-07 17:12:19 info: Verifying JWT token
2025-12-07 17:12:19 info: Verifying JWT token
2025-12-07 17:12:19 info: Verifying JWT token
2025-12-07 17:12:19 info: Getting user tweets
2025-12-07 17:12:19 info: Fetching random users for tweet
2025-12-07 17:12:19 info: Get follower controller called
2025-12-07 17:12:20 info: Verifying JWT token
2025-12-07 17:12:20 info: Getting three random tweets
2025-12-07 17:12:20 info: Verifying JWT token
2025-12-07 17:12:20 info: Getting three random tweets
2025-12-07 17:12:21 info: Verifying JWT token
2025-12-07 17:12:21 info: Get all conversations called
2025-12-07 17:12:21 info: Verifying JWT token
2025-12-07 17:12:21 info: Get all conversations called
2025-12-07 17:12:22 info: Verifying JWT token
2025-12-07 17:12:22 info: Getting user tweets
2025-12-07 17:12:22 info: Verifying JWT token
2025-12-07 17:12:22 info: Getting user tweets
2025-12-07 17:12:25 info: Verifying JWT token
2025-12-07 17:12:25 info: Get all conversations called
2025-12-07 17:12:25 info: Verifying JWT token
2025-12-07 17:12:25 info: Get all conversations called
2025-12-07 17:12:26 info: Verifying JWT token
2025-12-07 17:12:26 info: Getting user tweets
2025-12-07 17:12:26 info: Verifying JWT token
2025-12-07 17:12:26 info: Getting user tweets
2025-12-07 17:13:13 info: Verifying JWT token
2025-12-07 17:13:13 info: Auth Me Route Accessed
2025-12-07 17:13:13 info: Verifying JWT token
2025-12-07 17:13:13 info: Verifying JWT token
2025-12-07 17:13:13 info: Verifying JWT token
2025-12-07 17:13:13 info: Verifying JWT token
2025-12-07 17:13:13 info: Auth Me Route Accessed
2025-12-07 17:13:13 info: Getting user tweets
2025-12-07 17:13:13 info: Fetching random users for tweet
2025-12-07 17:13:13 info: Get follower controller called
2025-12-07 17:13:13 info: Verifying JWT token
2025-12-07 17:13:13 info: Verifying JWT token
2025-12-07 17:13:13 info: Verifying JWT token
2025-12-07 17:13:13 info: Fetching random users for tweet
2025-12-07 17:13:13 info: Getting user tweets
2025-12-07 17:13:13 info: Get follower controller called
2025-12-07 17:13:16 info: Verifying JWT token
2025-12-07 17:13:16 info: Verifying JWT token
2025-12-07 17:13:17 info: Get all conversations called
2025-12-07 17:13:17 info: Get all conversations called
2025-12-07 17:13:17 info: Verifying JWT token
2025-12-07 17:13:17 info: Verifying JWT token
2025-12-07 17:13:18 info: Getting user tweets
2025-12-07 17:13:18 info: Getting user tweets
2025-12-07 17:13:23 info: Verifying JWT token
2025-12-07 17:13:23 info: Unfollow user controller called
2025-12-07 17:13:24 info: Verifying JWT token
2025-12-07 17:13:24 info: Follow user controller called
2025-12-07 17:13:26 info: Verifying JWT token
2025-12-07 17:13:26 info: Verifying JWT token
2025-12-07 17:13:26 info: Auth Me Route Accessed
2025-12-07 17:13:26 info: Auth Me Route Accessed
2025-12-07 17:13:26 info: Verifying JWT token
2025-12-07 17:13:26 info: Verifying JWT token
2025-12-07 17:13:26 info: Verifying JWT token
2025-12-07 17:13:26 info: Verifying JWT token
2025-12-07 17:13:26 info: Verifying JWT token
2025-12-07 17:13:26 info: Verifying JWT token
2025-12-07 17:13:26 info: Fetching random users for tweet
2025-12-07 17:13:26 info: Get follower controller called
2025-12-07 17:13:26 info: Getting user tweets
2025-12-07 17:13:26 info: Getting user tweets
2025-12-07 17:13:26 info: Fetching random users for tweet
2025-12-07 17:13:26 info: Get follower controller called
2025-12-07 17:13:28 info: Verifying JWT token
2025-12-07 17:13:28 info: Unfollow user controller called
2025-12-07 17:13:28 info: Verifying JWT token
2025-12-07 17:13:29 info: Unfollow user controller called
2025-12-07 17:13:29 info: Verifying JWT token
2025-12-07 17:13:29 info: Follow user controller called
2025-12-07 17:13:31 info: Verifying JWT token
2025-12-07 17:13:31 info: Unfollow user controller called
2025-12-07 17:13:31 info: Verifying JWT token
2025-12-07 17:13:31 info: Verifying JWT token
2025-12-07 17:13:31 info: Auth Me Route Accessed
2025-12-07 17:13:31 info: Auth Me Route Accessed
2025-12-07 17:13:31 info: Verifying JWT token
2025-12-07 17:13:31 info: Verifying JWT token
2025-12-07 17:13:31 info: Verifying JWT token
2025-12-07 17:13:31 info: Verifying JWT token
2025-12-07 17:13:31 info: Verifying JWT token
2025-12-07 17:13:31 info: Verifying JWT token
2025-12-07 17:13:32 info: Get follower controller called
2025-12-07 17:13:32 info: Getting user tweets
2025-12-07 17:13:32 info: Fetching random users for tweet
2025-12-07 17:13:32 info: Get follower controller called
2025-12-07 17:13:32 info: Fetching random users for tweet
2025-12-07 17:13:32 info: Getting user tweets
2025-12-07 17:13:33 info: Verifying JWT token
2025-12-07 17:13:33 info: Verifying JWT token
2025-12-07 17:13:33 info: Auth Me Route Accessed
2025-12-07 17:13:33 info: Auth Me Route Accessed
2025-12-07 17:13:33 info: Verifying JWT token
2025-12-07 17:13:33 info: Verifying JWT token
2025-12-07 17:13:33 info: Verifying JWT token
2025-12-07 17:13:33 info: Verifying JWT token
2025-12-07 17:13:33 info: Verifying JWT token
2025-12-07 17:13:33 info: Verifying JWT token
2025-12-07 17:13:33 info: Getting user tweets
2025-12-07 17:13:33 info: Fetching random users for tweet
2025-12-07 17:13:33 info: Get follower controller called
2025-12-07 17:13:33 info: Getting user tweets
2025-12-07 17:13:33 info: Get follower controller called
2025-12-07 17:13:33 info: Fetching random users for tweet
2025-12-07 17:13:35 info: Verifying JWT token
2025-12-07 17:13:35 info: Unfollow user controller called
2025-12-07 17:13:36 info: Verifying JWT token
2025-12-07 17:13:36 info: Follow user controller called
2025-12-07 17:13:37 info: Verifying JWT token
2025-12-07 17:13:37 info: Verifying JWT token
2025-12-07 17:13:38 info: Auth Me Route Accessed
2025-12-07 17:13:38 info: Auth Me Route Accessed
2025-12-07 17:13:38 info: Verifying JWT token
2025-12-07 17:13:38 info: Verifying JWT token
2025-12-07 17:13:38 info: Verifying JWT token
2025-12-07 17:13:38 info: Verifying JWT token
2025-12-07 17:13:38 info: Verifying JWT token
2025-12-07 17:13:38 info: Verifying JWT token
2025-12-07 17:13:38 info: Get follower controller called
2025-12-07 17:13:38 info: Getting user tweets
2025-12-07 17:13:38 info: Fetching random users for tweet
2025-12-07 17:13:38 info: Fetching random users for tweet
2025-12-07 17:13:38 info: Getting user tweets
2025-12-07 17:13:38 info: Get follower controller called
2025-12-07 17:13:41 info: Verifying JWT token
2025-12-07 17:13:41 info: Verifying JWT token
2025-12-07 17:13:41 info: Get all conversations called
2025-12-07 17:13:41 info: Get all conversations called
2025-12-07 17:13:44 info: Verifying JWT token
2025-12-07 17:13:44 info: Verifying JWT token
2025-12-07 17:13:44 info: Getting notifications for user
2025-12-07 17:13:44 info: Getting notifications for user
2025-12-07 17:14:23 info: Connecting to MongoDB...
2025-12-07 17:14:24 info: MongoDB connected successfully
2025-12-07 17:15:24 info: Connecting to MongoDB...
2025-12-07 17:15:31 info: MongoDB connected successfully
2025-12-07 17:16:12 info: Connecting to MongoDB...
2025-12-07 17:16:14 info: MongoDB connected successfully
2025-12-07 17:16:28 info: Connecting to MongoDB...
2025-12-07 17:16:33 info: MongoDB connected successfully
2025-12-07 17:19:48 info: Connecting to MongoDB...
2025-12-07 17:19:50 info: MongoDB connected successfully
2025-12-07 17:21:36 info: Connecting to MongoDB...
2025-12-07 17:21:48 info: Connecting to MongoDB...
2025-12-07 17:22:00 info: Connecting to MongoDB...
2025-12-07 17:22:16 info: Connecting to MongoDB...
2025-12-07 17:22:23 info: MongoDB connected successfully
2025-12-07 17:22:50 info: Connecting to MongoDB...
2025-12-07 17:22:51 info: MongoDB connected successfully
2025-12-07 17:22:59 info: Connecting to MongoDB...
2025-12-07 17:23:01 info: MongoDB connected successfully
2025-12-07 17:24:57 info: Connecting to MongoDB...
2025-12-07 17:24:58 info: MongoDB connected successfully
2025-12-07 17:26:15 info: Connecting to MongoDB...
2025-12-07 17:26:17 info: MongoDB connected successfully
2025-12-07 17:27:43 info: Connecting to MongoDB...
2025-12-07 17:27:44 info: MongoDB connected successfully
2025-12-07 17:40:00 info: Connecting to MongoDB...
2025-12-07 17:40:02 info: MongoDB connected successfully
2025-12-07 17:40:07 info: Verifying JWT token
2025-12-07 17:40:07 info: Auth Me Route Accessed
2025-12-07 17:40:07 info: Verifying JWT token
2025-12-07 17:40:07 info: Auth Me Route Accessed
2025-12-07 17:40:09 info: User sign-in started
2025-12-07 17:40:10 info: Verifying JWT token
2025-12-07 17:40:10 info: Verifying JWT token
2025-12-07 17:40:10 info: Verifying JWT token
2025-12-07 17:40:10 info: Getting three random tweets
2025-12-07 17:40:10 info: Fetching random users for tweet
2025-12-07 17:40:10 info: Get follower controller called
2025-12-07 17:40:10 info: Verifying JWT token
2025-12-07 17:40:10 info: Verifying JWT token
2025-12-07 17:40:10 info: Verifying JWT token
2025-12-07 17:40:10 info: Get follower controller called
2025-12-07 17:40:10 info: Fetching random users for tweet
2025-12-07 17:40:10 info: Getting three random tweets
2025-12-07 17:40:15 info: Verifying JWT token
2025-12-07 17:40:15 info: Verifying JWT token
2025-12-07 17:40:16 info: Auth Me Route Accessed
2025-12-07 17:40:16 info: Auth Me Route Accessed
2025-12-07 17:40:18 info: User sign-in started
2025-12-07 17:40:19 info: Verifying JWT token
2025-12-07 17:40:19 info: Verifying JWT token
2025-12-07 17:40:19 info: Verifying JWT token
2025-12-07 17:40:19 info: Verifying JWT token
2025-12-07 17:40:19 info: Verifying JWT token
2025-12-07 17:40:19 info: Verifying JWT token
2025-12-07 17:40:19 info: Getting three random tweets
2025-12-07 17:40:19 info: Get follower controller called
2025-12-07 17:40:19 info: Fetching random users for tweet
2025-12-07 17:40:19 info: Getting three random tweets
2025-12-07 17:40:20 info: Get follower controller called
2025-12-07 17:40:20 info: Fetching random users for tweet
2025-12-07 17:40:21 info: Verifying JWT token
2025-12-07 17:40:21 info: Verifying JWT token
2025-12-07 17:40:21 info: Auth Me Route Accessed
2025-12-07 17:40:21 info: Auth Me Route Accessed
2025-12-07 17:40:21 info: Verifying JWT token
2025-12-07 17:40:21 info: Verifying JWT token
2025-12-07 17:40:21 info: Verifying JWT token
2025-12-07 17:40:21 info: Verifying JWT token
2025-12-07 17:40:21 info: Verifying JWT token
2025-12-07 17:40:21 info: Verifying JWT token
2025-12-07 17:40:21 info: Getting three random tweets
2025-12-07 17:40:21 info: Fetching random users for tweet
2025-12-07 17:40:21 info: Get follower controller called
2025-12-07 17:40:21 info: Getting three random tweets
2025-12-07 17:40:21 info: Fetching random users for tweet
2025-12-07 17:40:21 info: Get follower controller called
2025-12-07 17:40:24 info: Verifying JWT token
2025-12-07 17:40:24 info: Liking tweet
2025-12-07 17:40:27 info: Verifying JWT token
2025-12-07 17:40:27 info: Getting notifications for user
2025-12-07 17:40:27 info: Verifying JWT token
2025-12-07 17:40:27 info: Getting notifications for user
2025-12-07 17:40:28 info: Verifying JWT token
2025-12-07 17:40:28 info: Auth Me Route Accessed
2025-12-07 17:40:28 info: Verifying JWT token
2025-12-07 17:40:28 info: Verifying JWT token
2025-12-07 17:40:28 info: Verifying JWT token
2025-12-07 17:40:28 info: Verifying JWT token
2025-12-07 17:40:28 info: Auth Me Route Accessed
2025-12-07 17:40:28 info: Fetching random users for tweet
2025-12-07 17:40:28 info: Getting notifications for user
2025-12-07 17:40:28 info: Get follower controller called
2025-12-07 17:40:29 info: Verifying JWT token
2025-12-07 17:40:29 info: Verifying JWT token
2025-12-07 17:40:29 info: Fetching random users for tweet
2025-12-07 17:40:29 info: Get follower controller called
2025-12-07 17:40:29 info: Verifying JWT token
2025-12-07 17:40:29 info: Getting notifications for user
2025-12-07 17:40:57 info: Verifying JWT token
2025-12-07 17:40:58 info: Auth Me Route Accessed
2025-12-07 17:40:58 info: Verifying JWT token
2025-12-07 17:40:58 info: Verifying JWT token
2025-12-07 17:40:58 info: Verifying JWT token
2025-12-07 17:40:58 info: Verifying JWT token
2025-12-07 17:40:58 info: Fetching random users for tweet
2025-12-07 17:40:58 info: Getting notifications for user
2025-12-07 17:40:58 info: Auth Me Route Accessed
2025-12-07 17:40:58 info: Get follower controller called
2025-12-07 17:40:58 info: Verifying JWT token
2025-12-07 17:40:58 info: Verifying JWT token
2025-12-07 17:40:58 info: Get follower controller called
2025-12-07 17:40:58 info: Fetching random users for tweet
2025-12-07 17:40:58 info: Verifying JWT token
2025-12-07 17:40:58 info: Getting notifications for user
2025-12-07 17:40:58 info: Verifying JWT token
2025-12-07 17:40:58 info: Auth Me Route Accessed
2025-12-07 17:40:58 info: Verifying JWT token
2025-12-07 17:40:58 info: Verifying JWT token
2025-12-07 17:40:58 info: Verifying JWT token
2025-12-07 17:40:58 info: Verifying JWT token
2025-12-07 17:40:58 info: Auth Me Route Accessed
2025-12-07 17:40:59 info: Fetching random users for tweet
2025-12-07 17:40:59 info: Getting notifications for user
2025-12-07 17:40:59 info: Get follower controller called
2025-12-07 17:40:59 info: Verifying JWT token
2025-12-07 17:40:59 info: Auth Me Route Accessed
2025-12-07 17:40:59 info: Verifying JWT token
2025-12-07 17:40:59 info: Auth Me Route Accessed
2025-12-07 17:40:59 info: Verifying JWT token
2025-12-07 17:40:59 info: Verifying JWT token
2025-12-07 17:40:59 info: Verifying JWT token
2025-12-07 17:40:59 info: Verifying JWT token
2025-12-07 17:40:59 info: Auth Me Route Accessed
2025-12-07 17:40:59 info: Getting notifications for user
2025-12-07 17:40:59 info: Fetching random users for tweet
2025-12-07 17:40:59 info: Get follower controller called
2025-12-07 17:40:59 info: Verifying JWT token
2025-12-07 17:40:59 info: Verifying JWT token
2025-12-07 17:40:59 info: Verifying JWT token
2025-12-07 17:40:59 info: Fetching random users for tweet
2025-12-07 17:40:59 info: Get follower controller called
2025-12-07 17:40:59 info: Getting notifications for user
2025-12-07 17:41:05 info: Verifying JWT token
2025-12-07 17:41:05 info: Unliking tweet
2025-12-07 17:41:08 info: Verifying JWT token
2025-12-07 17:41:08 info: Auth Me Route Accessed
2025-12-07 17:41:08 info: Verifying JWT token
2025-12-07 17:41:08 info: Verifying JWT token
2025-12-07 17:41:08 info: Verifying JWT token
2025-12-07 17:41:08 info: Verifying JWT token
2025-12-07 17:41:08 info: Auth Me Route Accessed
2025-12-07 17:41:08 info: Getting notifications for user
2025-12-07 17:41:08 info: Get follower controller called
2025-12-07 17:41:08 info: Fetching random users for tweet
2025-12-07 17:41:08 info: Verifying JWT token
2025-12-07 17:41:08 info: Verifying JWT token
2025-12-07 17:41:08 info: Fetching random users for tweet
2025-12-07 17:41:08 info: Get follower controller called
2025-12-07 17:41:08 info: Verifying JWT token
2025-12-07 17:41:08 info: Getting notifications for user
2025-12-07 17:41:12 info: Verifying JWT token
2025-12-07 17:41:12 info: Getting three random tweets
2025-12-07 17:41:13 info: Verifying JWT token
2025-12-07 17:41:13 info: Getting three random tweets
2025-12-07 17:41:13 info: Verifying JWT token
2025-12-07 17:41:13 info: Auth Me Route Accessed
2025-12-07 17:41:13 info: Verifying JWT token
2025-12-07 17:41:13 info: Verifying JWT token
2025-12-07 17:41:13 info: Verifying JWT token
2025-12-07 17:41:13 info: Verifying JWT token
2025-12-07 17:41:13 info: Auth Me Route Accessed
2025-12-07 17:41:13 info: Getting three random tweets
2025-12-07 17:41:13 info: Fetching random users for tweet
2025-12-07 17:41:13 info: Get follower controller called
2025-12-07 17:41:13 info: Verifying JWT token
2025-12-07 17:41:13 info: Verifying JWT token
2025-12-07 17:41:13 info: Verifying JWT token
2025-12-07 17:41:13 info: Getting three random tweets
2025-12-07 17:41:13 info: Get follower controller called
2025-12-07 17:41:13 info: Fetching random users for tweet
2025-12-07 17:41:14 info: Verifying JWT token
2025-12-07 17:41:14 info: Auth Me Route Accessed
2025-12-07 17:41:14 info: Verifying JWT token
2025-12-07 17:41:14 info: Verifying JWT token
2025-12-07 17:41:14 info: Verifying JWT token
2025-12-07 17:41:14 info: Verifying JWT token
2025-12-07 17:41:14 info: Get follower controller called
2025-12-07 17:41:14 info: Getting three random tweets
2025-12-07 17:41:14 info: Fetching random users for tweet
2025-12-07 17:41:14 info: Auth Me Route Accessed
2025-12-07 17:41:15 info: Verifying JWT token
2025-12-07 17:41:15 info: Verifying JWT token
2025-12-07 17:41:15 info: Verifying JWT token
2025-12-07 17:41:15 info: Get follower controller called
2025-12-07 17:41:15 info: Fetching random users for tweet
2025-12-07 17:41:15 info: Getting three random tweets
2025-12-07 17:41:15 info: Verifying JWT token
2025-12-07 17:41:16 info: Auth Me Route Accessed
2025-12-07 17:41:16 info: Verifying JWT token
2025-12-07 17:41:16 info: Verifying JWT token
2025-12-07 17:41:16 info: Verifying JWT token
2025-12-07 17:41:16 info: Verifying JWT token
2025-12-07 17:41:16 info: Auth Me Route Accessed
2025-12-07 17:41:16 info: Fetching random users for tweet
2025-12-07 17:41:16 info: Getting three random tweets
2025-12-07 17:41:16 info: Get follower controller called
2025-12-07 17:41:16 info: Verifying JWT token
2025-12-07 17:41:16 info: Verifying JWT token
2025-12-07 17:41:16 info: Verifying JWT token
2025-12-07 17:41:16 info: Fetching random users for tweet
2025-12-07 17:41:16 info: Getting three random tweets
2025-12-07 17:41:16 info: Get follower controller called
2025-12-07 17:41:17 info: Verifying JWT token
2025-12-07 17:41:17 info: Auth Me Route Accessed
2025-12-07 17:41:17 info: Verifying JWT token
2025-12-07 17:41:17 info: Verifying JWT token
2025-12-07 17:41:17 info: Verifying JWT token
2025-12-07 17:41:17 info: Verifying JWT token
2025-12-07 17:41:17 info: Auth Me Route Accessed
2025-12-07 17:41:17 info: Getting three random tweets
2025-12-07 17:41:17 info: Fetching random users for tweet
2025-12-07 17:41:17 info: Get follower controller called
2025-12-07 17:41:17 info: Verifying JWT token
2025-12-07 17:41:17 info: Verifying JWT token
2025-12-07 17:41:17 info: Verifying JWT token
2025-12-07 17:41:17 info: Get follower controller called
2025-12-07 17:41:17 info: Fetching random users for tweet
2025-12-07 17:41:17 info: Getting three random tweets
2025-12-07 17:41:19 info: Verifying JWT token
2025-12-07 17:41:19 info: Auth Me Route Accessed
2025-12-07 17:41:19 info: Verifying JWT token
2025-12-07 17:41:19 info: Verifying JWT token
2025-12-07 17:41:19 info: Verifying JWT token
2025-12-07 17:41:19 info: Verifying JWT token
2025-12-07 17:41:19 info: Getting three random tweets
2025-12-07 17:41:19 info: Fetching random users for tweet
2025-12-07 17:41:19 info: Get follower controller called
2025-12-07 17:41:19 info: Auth Me Route Accessed
2025-12-07 17:41:19 info: Verifying JWT token
2025-12-07 17:41:19 info: Verifying JWT token
2025-12-07 17:41:19 info: Verifying JWT token
2025-12-07 17:41:19 info: Fetching random users for tweet
2025-12-07 17:41:19 info: Getting three random tweets
2025-12-07 17:41:19 info: Get follower controller called
2025-12-07 17:41:22 info: Verifying JWT token
2025-12-07 17:41:22 info: Liking tweet
2025-12-07 17:41:42 info: Verifying JWT token
2025-12-07 17:41:42 info: Verifying JWT token
2025-12-07 17:41:42 info: Auth Me Route Accessed
2025-12-07 17:41:42 info: Auth Me Route Accessed
2025-12-07 17:41:45 info: User sign-in started
2025-12-07 17:41:46 info: Verifying JWT token
2025-12-07 17:41:46 info: Verifying JWT token
2025-12-07 17:41:46 info: Verifying JWT token
2025-12-07 17:41:46 info: Verifying JWT token
2025-12-07 17:41:46 info: Verifying JWT token
2025-12-07 17:41:46 info: Verifying JWT token
2025-12-07 17:41:46 info: Getting three random tweets
2025-12-07 17:41:46 info: Get follower controller called
2025-12-07 17:41:46 info: Fetching random users for tweet
2025-12-07 17:41:46 info: Fetching random users for tweet
2025-12-07 17:41:46 info: Get follower controller called
2025-12-07 17:41:46 info: Getting three random tweets
2025-12-07 17:41:48 info: Verifying JWT token
2025-12-07 17:41:48 info: Verifying JWT token
2025-12-07 17:41:48 info: Getting notifications for user
2025-12-07 17:41:48 info: Getting notifications for user
2025-12-07 17:41:50 info: Verifying JWT token
2025-12-07 17:41:50 info: Verifying JWT token
2025-12-07 17:41:50 info: Auth Me Route Accessed
2025-12-07 17:41:50 info: Auth Me Route Accessed
2025-12-07 17:41:50 info: Verifying JWT token
2025-12-07 17:41:50 info: Verifying JWT token
2025-12-07 17:41:50 info: Verifying JWT token
2025-12-07 17:41:50 info: Verifying JWT token
2025-12-07 17:41:50 info: Verifying JWT token
2025-12-07 17:41:50 info: Verifying JWT token
2025-12-07 17:41:50 info: Getting notifications for user
2025-12-07 17:41:50 info: Fetching random users for tweet
2025-12-07 17:41:50 info: Get follower controller called
2025-12-07 17:41:50 info: Getting notifications for user
2025-12-07 17:41:50 info: Fetching random users for tweet
2025-12-07 17:41:50 info: Get follower controller called
2025-12-07 17:41:51 info: Verifying JWT token
2025-12-07 17:41:51 info: Verifying JWT token
2025-12-07 17:41:51 info: Auth Me Route Accessed
2025-12-07 17:41:51 info: Auth Me Route Accessed
2025-12-07 17:41:51 info: Verifying JWT token
2025-12-07 17:41:51 info: Verifying JWT token
2025-12-07 17:41:51 info: Verifying JWT token
2025-12-07 17:41:51 info: Verifying JWT token
2025-12-07 17:41:51 info: Verifying JWT token
2025-12-07 17:41:51 info: Verifying JWT token
2025-12-07 17:41:51 info: Getting notifications for user
2025-12-07 17:41:51 info: Fetching random users for tweet
2025-12-07 17:41:51 info: Get follower controller called
2025-12-07 17:41:51 info: Fetching random users for tweet
2025-12-07 17:41:51 info: Getting notifications for user
2025-12-07 17:41:51 info: Get follower controller called
2025-12-07 18:33:16 info: Connecting to MongoDB...
2025-12-07 18:33:17 info: MongoDB connected successfully
2025-12-07 18:33:19 info: User sign-in started
2025-12-07 18:33:20 info: Verifying JWT token
2025-12-07 18:33:20 info: Verifying JWT token
2025-12-07 18:33:20 info: Verifying JWT token
2025-12-07 18:33:20 info: Get follower controller called
2025-12-07 18:33:20 info: Getting three random tweets
2025-12-07 18:33:20 info: Fetching random users for tweet
2025-12-07 18:33:20 info: Verifying JWT token
2025-12-07 18:33:20 info: Verifying JWT token
2025-12-07 18:33:20 info: Verifying JWT token
2025-12-07 18:33:20 info: Get follower controller called
2025-12-07 18:33:20 info: Fetching random users for tweet
2025-12-07 18:33:20 info: Getting three random tweets
2025-12-07 18:33:21 info: Verifying JWT token
2025-12-07 18:33:22 info: Auth Me Route Accessed
2025-12-07 18:33:22 info: Verifying JWT token
2025-12-07 18:33:22 info: Verifying JWT token
2025-12-07 18:33:22 info: Verifying JWT token
2025-12-07 18:33:22 info: Verifying JWT token
2025-12-07 18:33:22 info: Fetching random users for tweet
2025-12-07 18:33:22 info: Auth Me Route Accessed
2025-12-07 18:33:22 info: Get follower controller called
2025-12-07 18:33:22 info: Getting three random tweets
2025-12-07 18:33:22 info: Verifying JWT token
2025-12-07 18:33:22 info: Verifying JWT token
2025-12-07 18:33:22 info: Verifying JWT token
2025-12-07 18:33:22 info: Fetching random users for tweet
2025-12-07 18:33:22 info: Get follower controller called
2025-12-07 18:33:22 info: Getting three random tweets
2025-12-07 18:35:16 info: Connecting to MongoDB...
2025-12-07 18:35:18 info: MongoDB connected successfully
2025-12-07 18:35:33 info: Connecting to MongoDB...
2025-12-07 18:35:34 info: MongoDB connected successfully
2025-12-07 18:35:48 info: Connecting to MongoDB...
2025-12-07 18:35:49 info: MongoDB connected successfully
2025-12-07 18:35:56 info: Verifying JWT token
2025-12-07 18:35:56 info: Auth Me Route Accessed
2025-12-07 18:35:56 info: Verifying JWT token
2025-12-07 18:35:56 info: Verifying JWT token
2025-12-07 18:35:56 info: Verifying JWT token
2025-12-07 18:35:56 info: Verifying JWT token
2025-12-07 18:35:57 info: Auth Me Route Accessed
2025-12-07 18:35:57 info: Fetching random users for tweet
2025-12-07 18:35:57 info: Getting three random tweets
2025-12-07 18:35:57 info: Get follower controller called
2025-12-07 18:35:57 info: Verifying JWT token
2025-12-07 18:35:57 info: Verifying JWT token
2025-12-07 18:35:57 info: Verifying JWT token
2025-12-07 18:35:57 info: Get follower controller called
2025-12-07 18:35:57 info: Fetching random users for tweet
2025-12-07 18:35:57 info: Getting three random tweets
2025-12-07 18:35:57 info: Verifying JWT token
2025-12-07 18:35:58 info: Auth Me Route Accessed
2025-12-07 18:35:58 info: Verifying JWT token
2025-12-07 18:35:58 info: Verifying JWT token
2025-12-07 18:35:58 info: Verifying JWT token
2025-12-07 18:35:58 info: Verifying JWT token
2025-12-07 18:35:58 info: Getting three random tweets
2025-12-07 18:35:58 info: Auth Me Route Accessed
2025-12-07 18:35:58 info: Fetching random users for tweet
2025-12-07 18:35:58 info: Get follower controller called
2025-12-07 18:35:58 info: Verifying JWT token
2025-12-07 18:35:58 info: Verifying JWT token
2025-12-07 18:35:58 info: Verifying JWT token
2025-12-07 18:35:58 info: Getting three random tweets
2025-12-07 18:35:58 info: Fetching random users for tweet
2025-12-07 18:35:58 info: Get follower controller called
2025-12-07 18:36:47 info: Connecting to MongoDB...
2025-12-07 18:37:01 info: Connecting to MongoDB...
2025-12-07 18:37:02 info: MongoDB connected successfully
2025-12-07 18:37:19 info: Verifying JWT token
2025-12-07 18:37:19 info: Auth Me Route Accessed
2025-12-07 18:37:19 info: Verifying JWT token
2025-12-07 18:37:19 info: Verifying JWT token
2025-12-07 18:37:19 info: Verifying JWT token
2025-12-07 18:37:19 info: Verifying JWT token
2025-12-07 18:37:19 info: Auth Me Route Accessed
2025-12-07 18:37:19 info: Get follower controller called
2025-12-07 18:37:19 info: Fetching random users for tweet
2025-12-07 18:37:19 info: Getting three random tweets
2025-12-07 18:37:19 info: Verifying JWT token
2025-12-07 18:37:19 info: Verifying JWT token
2025-12-07 18:37:19 info: Verifying JWT token
2025-12-07 18:37:19 info: Get follower controller called
2025-12-07 18:37:20 info: Getting three random tweets
2025-12-07 18:37:20 info: Fetching random users for tweet
2025-12-07 18:37:20 info: Verifying JWT token
2025-12-07 18:37:20 info: Auth Me Route Accessed
2025-12-07 18:37:20 info: Verifying JWT token
2025-12-07 18:37:20 info: Verifying JWT token
2025-12-07 18:37:20 info: Verifying JWT token
2025-12-07 18:37:20 info: Verifying JWT token
2025-12-07 18:37:20 info: Auth Me Route Accessed
2025-12-07 18:37:20 info: Get follower controller called
2025-12-07 18:37:20 info: Fetching random users for tweet
2025-12-07 18:37:20 info: Verifying JWT token
2025-12-07 18:37:20 info: Verifying JWT token
2025-12-07 18:37:21 info: Getting three random tweets
2025-12-07 18:37:21 info: Get follower controller called
2025-12-07 18:37:21 info: Fetching random users for tweet
2025-12-07 18:37:21 info: Verifying JWT token
2025-12-07 18:37:21 info: Getting three random tweets
2025-12-07 18:37:55 info: Verifying JWT token
2025-12-07 18:37:55 info: Verifying JWT token
2025-12-07 18:37:55 info: Verifying JWT token
2025-12-07 18:37:55 info: Fetching random users for tweet
2025-12-07 18:37:55 info: Getting three random tweets
2025-12-07 18:37:55 info: Get follower controller called
2025-12-07 18:38:18 info: Verifying JWT token
2025-12-07 18:38:18 info: Verifying JWT token
2025-12-07 18:38:18 info: Verifying JWT token
2025-12-07 18:38:18 info: Fetching random users for tweet
2025-12-07 18:38:18 info: Getting three random tweets
2025-12-07 18:38:18 info: Get follower controller called
2025-12-07 18:38:24 info: Verifying JWT token
2025-12-07 18:38:24 info: Verifying JWT token
2025-12-07 18:38:24 info: Verifying JWT token
2025-12-07 18:38:25 info: Get follower controller called
2025-12-07 18:38:25 info: Getting three random tweets
2025-12-07 18:38:25 info: Fetching random users for tweet
2025-12-07 18:39:59 info: Connecting to MongoDB...
2025-12-07 18:40:01 info: MongoDB connected successfully
2025-12-07 18:40:23 info: Verifying JWT token
2025-12-07 18:40:23 info: Auth Me Route Accessed
2025-12-07 18:40:23 info: Verifying JWT token
2025-12-07 18:40:23 info: Verifying JWT token
2025-12-07 18:40:23 info: Verifying JWT token
2025-12-07 18:40:23 info: Verifying JWT token
2025-12-07 18:40:23 info: Auth Me Route Accessed
2025-12-07 18:40:23 info: Getting three random tweets
2025-12-07 18:40:23 info: Fetching random users for tweet
2025-12-07 18:40:23 info: Get follower controller called
2025-12-07 18:40:23 info: Verifying JWT token
2025-12-07 18:40:23 info: Verifying JWT token
2025-12-07 18:40:23 info: Verifying JWT token
2025-12-07 18:40:23 info: Get follower controller called
2025-12-07 18:40:23 info: Getting three random tweets
2025-12-07 18:40:23 info: Fetching random users for tweet
2025-12-07 18:40:24 info: Verifying JWT token
2025-12-07 18:40:24 info: Auth Me Route Accessed
2025-12-07 18:40:24 info: Verifying JWT token
2025-12-07 18:40:24 info: Verifying JWT token
2025-12-07 18:40:24 info: Verifying JWT token
2025-12-07 18:40:24 info: Verifying JWT token
2025-12-07 18:40:24 info: Auth Me Route Accessed
2025-12-07 18:40:24 info: Getting three random tweets
2025-12-07 18:40:24 info: Fetching random users for tweet
2025-12-07 18:40:24 info: Get follower controller called
2025-12-07 18:40:24 info: Verifying JWT token
2025-12-07 18:40:24 info: Verifying JWT token
2025-12-07 18:40:24 info: Verifying JWT token
2025-12-07 18:40:24 info: Getting three random tweets
2025-12-07 18:40:24 info: Fetching random users for tweet
2025-12-07 18:40:25 info: Get follower controller called
2025-12-07 18:40:26 info: Verifying JWT token
2025-12-07 18:40:26 info: Liking tweet
2025-12-07 18:40:28 info: Verifying JWT token
2025-12-07 18:40:28 info: Unliking tweet
2025-12-07 18:41:15 info: Verifying JWT token
2025-12-07 18:41:15 info: Auth Me Route Accessed
2025-12-07 18:41:15 info: Verifying JWT token
2025-12-07 18:41:15 info: Verifying JWT token
2025-12-07 18:41:15 info: Verifying JWT token
2025-12-07 18:41:15 info: Verifying JWT token
2025-12-07 18:41:15 info: Auth Me Route Accessed
2025-12-07 18:41:15 info: Fetching random users for tweet
2025-12-07 18:41:15 info: Getting three random tweets
2025-12-07 18:41:15 info: Get follower controller called
2025-12-07 18:41:16 info: Verifying JWT token
2025-12-07 18:41:16 info: Verifying JWT token
2025-12-07 18:41:16 info: Verifying JWT token
2025-12-07 18:41:16 info: Get follower controller called
2025-12-07 18:41:16 info: Fetching random users for tweet
2025-12-07 18:41:16 info: Getting three random tweets
2025-12-07 18:41:16 info: Verifying JWT token
2025-12-07 18:41:16 info: Auth Me Route Accessed
2025-12-07 18:41:16 info: Verifying JWT token
2025-12-07 18:41:16 info: Verifying JWT token
2025-12-07 18:41:16 info: Verifying JWT token
2025-12-07 18:41:16 info: Verifying JWT token
2025-12-07 18:41:16 info: Fetching random users for tweet
2025-12-07 18:41:16 info: Get follower controller called
2025-12-07 18:41:16 info: Getting three random tweets
2025-12-07 18:41:16 info: Auth Me Route Accessed
2025-12-07 18:41:16 info: Verifying JWT token
2025-12-07 18:41:16 info: Verifying JWT token
2025-12-07 18:41:16 info: Verifying JWT token
2025-12-07 18:41:17 info: Get follower controller called
2025-12-07 18:41:17 info: Fetching random users for tweet
2025-12-07 18:41:17 info: Getting three random tweets
2025-12-07 18:41:43 info: Verifying JWT token
2025-12-07 18:41:44 info: Liking tweet
2025-12-07 18:41:45 info: Verifying JWT token
2025-12-07 18:41:45 info: Unliking tweet
2025-12-07 18:41:56 info: Verifying JWT token
2025-12-07 18:41:56 info: Liking tweet
2025-12-07 18:42:04 info: Verifying JWT token
2025-12-07 18:42:04 info: Unliking tweet
2025-12-07 18:42:05 info: Verifying JWT token
2025-12-07 18:42:05 info: Liking tweet
2025-12-07 18:42:10 info: Verifying JWT token
2025-12-07 18:42:10 info: Unliking tweet
2025-12-07 18:42:11 info: Verifying JWT token
2025-12-07 18:42:11 info: Liking tweet
2025-12-07 18:42:40 info: Verifying JWT token
2025-12-07 18:42:40 info: Auth Me Route Accessed
2025-12-07 18:42:40 info: Verifying JWT token
2025-12-07 18:42:40 info: Verifying JWT token
2025-12-07 18:42:40 info: Verifying JWT token
2025-12-07 18:42:40 info: Verifying JWT token
2025-12-07 18:42:41 info: Getting three random tweets
2025-12-07 18:42:41 info: Fetching random users for tweet
2025-12-07 18:42:41 info: Auth Me Route Accessed
2025-12-07 18:42:41 info: Get follower controller called
2025-12-07 18:42:41 info: Verifying JWT token
2025-12-07 18:42:41 info: Verifying JWT token
2025-12-07 18:42:41 info: Verifying JWT token
2025-12-07 18:42:41 info: Fetching random users for tweet
2025-12-07 18:42:41 info: Getting three random tweets
2025-12-07 18:42:41 info: Get follower controller called
2025-12-07 18:42:41 info: Verifying JWT token
2025-12-07 18:42:42 info: Auth Me Route Accessed
2025-12-07 18:42:42 info: Verifying JWT token
2025-12-07 18:42:42 info: Verifying JWT token
2025-12-07 18:42:42 info: Verifying JWT token
2025-12-07 18:42:42 info: Verifying JWT token
2025-12-07 18:42:42 info: Getting three random tweets
2025-12-07 18:42:42 info: Get follower controller called
2025-12-07 18:42:42 info: Auth Me Route Accessed
2025-12-07 18:42:42 info: Fetching random users for tweet
2025-12-07 18:42:42 info: Verifying JWT token
2025-12-07 18:42:42 info: Verifying JWT token
2025-12-07 18:42:42 info: Get follower controller called
2025-12-07 18:42:42 info: Getting three random tweets
2025-12-07 18:42:42 info: Verifying JWT token
2025-12-07 18:42:42 info: Fetching random users for tweet
2025-12-07 18:42:43 info: Verifying JWT token
2025-12-07 18:42:43 info: Auth Me Route Accessed
2025-12-07 18:42:43 info: Verifying JWT token
2025-12-07 18:42:43 info: Verifying JWT token
2025-12-07 18:42:43 info: Verifying JWT token
2025-12-07 18:42:43 info: Verifying JWT token
2025-12-07 18:42:43 info: Auth Me Route Accessed
2025-12-07 18:42:43 info: Getting three random tweets
2025-12-07 18:42:43 info: Fetching random users for tweet
2025-12-07 18:42:43 info: Get follower controller called
2025-12-07 18:42:43 info: Verifying JWT token
2025-12-07 18:42:43 info: Verifying JWT token
2025-12-07 18:42:43 info: Verifying JWT token
2025-12-07 18:42:43 info: Fetching random users for tweet
2025-12-07 18:42:43 info: Getting three random tweets
2025-12-07 18:42:43 info: Get follower controller called
2025-12-07 18:42:46 info: Verifying JWT token
2025-12-07 18:42:46 info: Auth Me Route Accessed
2025-12-07 18:42:46 info: Verifying JWT token
2025-12-07 18:42:46 info: Verifying JWT token
2025-12-07 18:42:46 info: Verifying JWT token
2025-12-07 18:42:46 info: Verifying JWT token
2025-12-07 18:42:46 info: Get follower controller called
2025-12-07 18:42:46 info: Auth Me Route Accessed
2025-12-07 18:42:46 info: Fetching random users for tweet
2025-12-07 18:42:46 info: Verifying JWT token
2025-12-07 18:42:46 info: Verifying JWT token
2025-12-07 18:42:46 info: Get follower controller called
2025-12-07 18:42:46 info: Fetching random users for tweet
2025-12-07 18:42:46 info: Getting three random tweets
2025-12-07 18:42:46 info: Verifying JWT token
2025-12-07 18:42:46 info: Getting three random tweets
2025-12-07 18:42:49 info: Verifying JWT token
2025-12-07 18:42:49 info: Auth Me Route Accessed
2025-12-07 18:42:49 info: Verifying JWT token
2025-12-07 18:42:49 info: Verifying JWT token
2025-12-07 18:42:49 info: Verifying JWT token
2025-12-07 18:42:49 info: Verifying JWT token
2025-12-07 18:42:49 info: Get follower controller called
2025-12-07 18:42:49 info: Fetching random users for tweet
2025-12-07 18:42:49 info: Auth Me Route Accessed
2025-12-07 18:42:49 info: Getting three random tweets
2025-12-07 18:42:49 info: Verifying JWT token
2025-12-07 18:42:49 info: Verifying JWT token
2025-12-07 18:42:49 info: Verifying JWT token
2025-12-07 18:42:49 info: Fetching random users for tweet
2025-12-07 18:42:49 info: Get follower controller called
2025-12-07 18:42:49 info: Getting three random tweets
2025-12-07 18:42:51 info: Verifying JWT token
2025-12-07 18:42:51 info: Liking tweet
2025-12-07 18:42:52 info: Verifying JWT token
2025-12-07 18:42:52 info: Auth Me Route Accessed
2025-12-07 18:42:52 info: Verifying JWT token
2025-12-07 18:42:53 info: Verifying JWT token
2025-12-07 18:42:53 info: Verifying JWT token
2025-12-07 18:42:53 info: Verifying JWT token
2025-12-07 18:42:53 info: Auth Me Route Accessed
2025-12-07 18:42:53 info: Getting three random tweets
2025-12-07 18:42:53 info: Fetching random users for tweet
2025-12-07 18:42:53 info: Get follower controller called
2025-12-07 18:42:53 info: Verifying JWT token
2025-12-07 18:42:53 info: Verifying JWT token
2025-12-07 18:42:53 info: Verifying JWT token
2025-12-07 18:42:53 info: Getting three random tweets
2025-12-07 18:42:53 info: Fetching random users for tweet
2025-12-07 18:42:53 info: Get follower controller called
2025-12-07 18:42:55 info: Verifying JWT token
2025-12-07 18:42:55 info: Auth Me Route Accessed
2025-12-07 18:42:55 info: Verifying JWT token
2025-12-07 18:42:55 info: Verifying JWT token
2025-12-07 18:42:55 info: Verifying JWT token
2025-12-07 18:42:55 info: Verifying JWT token
2025-12-07 18:42:55 info: Auth Me Route Accessed
2025-12-07 18:42:55 info: Getting three random tweets
2025-12-07 18:42:55 info: Fetching random users for tweet
2025-12-07 18:42:55 info: Get follower controller called
2025-12-07 18:42:55 info: Verifying JWT token
2025-12-07 18:42:55 info: Verifying JWT token
2025-12-07 18:42:55 info: Verifying JWT token
2025-12-07 18:42:55 info: Getting three random tweets
2025-12-07 18:42:55 info: Fetching random users for tweet
2025-12-07 18:42:55 info: Get follower controller called
2025-12-07 18:43:06 info: Verifying JWT token
2025-12-07 18:43:06 info: Liking tweet
2025-12-07 18:43:06 error: Tweet already liked by user
2025-12-07 18:44:52 info: Verifying JWT token
2025-12-07 18:44:53 info: Auth Me Route Accessed
2025-12-07 18:44:53 info: Verifying JWT token
2025-12-07 18:44:53 info: Verifying JWT token
2025-12-07 18:44:53 info: Verifying JWT token
2025-12-07 18:44:53 info: Verifying JWT token
2025-12-07 18:44:53 info: Auth Me Route Accessed
2025-12-07 18:44:53 info: Get follower controller called
2025-12-07 18:44:53 info: Getting three random tweets
2025-12-07 18:44:53 info: Fetching random users for tweet
2025-12-07 18:44:53 info: Verifying JWT token
2025-12-07 18:44:53 info: Verifying JWT token
2025-12-07 18:44:53 info: Verifying JWT token
2025-12-07 18:44:53 info: Fetching random users for tweet
2025-12-07 18:44:53 info: Getting three random tweets
2025-12-07 18:44:53 info: Get follower controller called
2025-12-07 18:44:53 info: Verifying JWT token
2025-12-07 18:44:54 info: Auth Me Route Accessed
2025-12-07 18:44:54 info: Verifying JWT token
2025-12-07 18:44:54 info: Verifying JWT token
2025-12-07 18:44:54 info: Verifying JWT token
2025-12-07 18:44:54 info: Verifying JWT token
2025-12-07 18:44:54 info: Auth Me Route Accessed
2025-12-07 18:44:54 info: Getting three random tweets
2025-12-07 18:44:54 info: Fetching random users for tweet
2025-12-07 18:44:54 info: Get follower controller called
2025-12-07 18:44:54 info: Verifying JWT token
2025-12-07 18:44:54 info: Verifying JWT token
2025-12-07 18:44:54 info: Verifying JWT token
2025-12-07 18:44:54 info: Getting three random tweets
2025-12-07 18:44:54 info: Fetching random users for tweet
2025-12-07 18:44:54 info: Get follower controller called
2025-12-07 18:49:56 info: Connecting to MongoDB...
2025-12-07 18:49:57 info: MongoDB connected successfully
2025-12-07 18:50:07 info: Connecting to MongoDB...
2025-12-07 18:50:08 info: MongoDB connected successfully
2025-12-07 18:54:14 info: Verifying JWT token
2025-12-07 18:54:14 info: Auth Me Route Accessed
2025-12-07 18:54:14 info: Verifying JWT token
2025-12-07 18:54:14 info: Verifying JWT token
2025-12-07 18:54:14 info: Verifying JWT token
2025-12-07 18:54:14 info: Verifying JWT token
2025-12-07 18:54:14 info: Auth Me Route Accessed
2025-12-07 18:54:14 info: Getting three random tweets
2025-12-07 18:54:14 info: Fetching random users for tweet
2025-12-07 18:54:14 info: Verifying JWT token
2025-12-07 18:54:14 info: Verifying JWT token
2025-12-07 18:54:15 info: Getting three random tweets
2025-12-07 18:54:15 info: Fetching random users for tweet
2025-12-07 18:54:17 info: Verifying JWT token
2025-12-07 18:54:17 info: Liking tweet
2025-12-07 18:54:18 info: Verifying JWT token
2025-12-07 18:54:19 info: Auth Me Route Accessed
2025-12-07 18:54:19 info: Verifying JWT token
2025-12-07 18:54:19 info: Verifying JWT token
2025-12-07 18:54:19 info: Verifying JWT token
2025-12-07 18:54:19 info: Verifying JWT token
2025-12-07 18:54:19 info: Auth Me Route Accessed
2025-12-07 18:54:19 info: Get follower controller called
2025-12-07 18:54:19 info: Getting three random tweets
2025-12-07 18:54:19 info: Verifying JWT token
2025-12-07 18:54:19 info: Verifying JWT token
2025-12-07 18:54:19 info: Getting three random tweets
2025-12-07 18:54:19 info: Get follower controller called
2025-12-07 18:54:20 info: Verifying JWT token
2025-12-07 18:54:20 info: Verifying JWT token
2025-12-07 18:54:20 info: Get follower controller called
2025-12-07 18:54:20 info: Fetching random users for tweet
2025-12-07 18:54:20 info: Auth Me Route Accessed
2025-12-07 18:54:20 info: Verifying JWT token
2025-12-07 18:54:20 info: Verifying JWT token
2025-12-07 18:54:20 info: Verifying JWT token
2025-12-07 18:54:20 info: Verifying JWT token
2025-12-07 18:54:21 info: Auth Me Route Accessed
2025-12-07 18:54:21 info: Fetching random users for tweet
2025-12-07 18:54:21 info: Getting three random tweets
2025-12-07 18:54:21 info: Get follower controller called
2025-12-07 18:54:21 info: Verifying JWT token
2025-12-07 18:54:21 info: Verifying JWT token
2025-12-07 18:54:21 info: Verifying JWT token
2025-12-07 18:54:21 info: Getting three random tweets
2025-12-07 18:54:21 info: Fetching random users for tweet
2025-12-07 18:54:21 info: Get follower controller called
2025-12-07 18:54:23 info: Verifying JWT token
2025-12-07 18:54:23 info: Auth Me Route Accessed
2025-12-07 18:54:23 info: Verifying JWT token
2025-12-07 18:54:23 info: Verifying JWT token
2025-12-07 18:54:23 info: Verifying JWT token
2025-12-07 18:54:23 info: Verifying JWT token
2025-12-07 18:54:23 info: Auth Me Route Accessed
2025-12-07 18:54:23 info: Get follower controller called
2025-12-07 18:54:23 info: Fetching random users for tweet
2025-12-07 18:54:23 info: Getting three random tweets
2025-12-07 18:54:23 info: Verifying JWT token
2025-12-07 18:54:23 info: Verifying JWT token
2025-12-07 18:54:23 info: Verifying JWT token
2025-12-07 18:54:23 info: Get follower controller called
2025-12-07 18:54:23 info: Fetching random users for tweet
2025-12-07 18:54:23 info: Getting three random tweets
2025-12-07 18:54:25 info: Fetching random users for tweet
2025-12-07 18:54:25 info: Verifying JWT token
2025-12-07 18:54:26 info: Auth Me Route Accessed
2025-12-07 18:54:26 info: Verifying JWT token
2025-12-07 18:54:26 info: Verifying JWT token
2025-12-07 18:54:26 info: Verifying JWT token
2025-12-07 18:54:26 info: Verifying JWT token
2025-12-07 18:54:26 info: Auth Me Route Accessed
2025-12-07 18:54:26 info: Fetching random users for tweet
2025-12-07 18:54:26 info: Getting three random tweets
2025-12-07 18:54:26 info: Get follower controller called
2025-12-07 18:54:26 info: Verifying JWT token
2025-12-07 18:54:26 info: Verifying JWT token
2025-12-07 18:54:26 info: Verifying JWT token
2025-12-07 18:54:26 info: Fetching random users for tweet
2025-12-07 18:54:26 info: Getting three random tweets
2025-12-07 18:54:26 info: Get follower controller called
2025-12-07 18:54:29 info: Verifying JWT token
2025-12-07 18:54:30 info: Auth Me Route Accessed
2025-12-07 18:54:30 info: Verifying JWT token
2025-12-07 18:54:30 info: Verifying JWT token
2025-12-07 18:54:30 info: Verifying JWT token
2025-12-07 18:54:30 info: Verifying JWT token
2025-12-07 18:54:30 info: Auth Me Route Accessed
2025-12-07 18:54:30 info: Getting three random tweets
2025-12-07 18:54:30 info: Fetching random users for tweet
2025-12-07 18:54:30 info: Get follower controller called
2025-12-07 18:54:30 info: Verifying JWT token
2025-12-07 18:54:30 info: Verifying JWT token
2025-12-07 18:54:30 info: Verifying JWT token
2025-12-07 18:54:30 info: Get follower controller called
2025-12-07 18:54:30 info: Getting three random tweets
2025-12-07 18:54:30 info: Fetching random users for tweet
2025-12-07 18:54:32 info: Verifying JWT token
2025-12-07 18:54:32 info: Auth Me Route Accessed
2025-12-07 18:54:32 info: Verifying JWT token
2025-12-07 18:54:32 info: Verifying JWT token
2025-12-07 18:54:32 info: Verifying JWT token
2025-12-07 18:54:32 info: Verifying JWT token
2025-12-07 18:54:32 info: Auth Me Route Accessed
2025-12-07 18:54:32 info: Getting three random tweets
2025-12-07 18:54:32 info: Fetching random users for tweet
2025-12-07 18:54:32 info: Get follower controller called
2025-12-07 18:54:32 info: Verifying JWT token
2025-12-07 18:54:32 info: Verifying JWT token
2025-12-07 18:54:32 info: Verifying JWT token
2025-12-07 18:54:32 info: Fetching random users for tweet
2025-12-07 18:54:32 info: Getting three random tweets
2025-12-07 18:54:32 info: Get follower controller called
2025-12-07 18:55:41 info: Verifying JWT token
2025-12-07 18:55:42 info: Verifying JWT token
2025-12-07 18:55:43 info: Getting notifications for user
2025-12-07 18:55:43 info: Getting user tweets
2025-12-07 18:55:43 info: Verifying JWT token
2025-12-07 18:55:43 info: Getting user tweets
2025-12-07 18:55:44 info: Verifying JWT token
2025-12-07 18:55:44 info: Getting notifications for user
2025-12-07 18:57:20 info: Verifying JWT token
2025-12-07 18:57:20 info: Verifying JWT token
2025-12-07 18:57:20 info: Auth Me Route Accessed
2025-12-07 18:57:20 info: Auth Me Route Accessed
2025-12-07 18:57:22 info: User sign-in started
2025-12-07 18:57:22 info: Verifying JWT token
2025-12-07 18:57:22 info: Verifying JWT token
2025-12-07 18:57:22 info: Verifying JWT token
2025-12-07 18:57:22 info: Verifying JWT token
2025-12-07 18:57:22 info: Verifying JWT token
2025-12-07 18:57:22 info: Verifying JWT token
2025-12-07 18:57:22 info: Getting three random tweets
2025-12-07 18:57:22 info: Fetching random users for tweet
2025-12-07 18:57:22 info: Getting three random tweets
2025-12-07 18:57:22 info: Get follower controller called
2025-12-07 18:57:23 info: Get follower controller called
2025-12-07 18:57:25 info: Verifying JWT token
2025-12-07 18:57:25 info: Verifying JWT token
2025-12-07 18:57:25 info: Getting notifications for user
2025-12-07 18:57:25 info: Getting notifications for user
2025-12-07 18:57:28 info: Fetching random users for tweet
2025-12-07 18:57:30 info: Verifying JWT token
2025-12-07 18:57:30 info: Verifying JWT token
2025-12-07 18:57:30 info: Getting user tweets
2025-12-07 18:57:30 info: Getting user tweets
2025-12-07 19:21:45 info: Verifying JWT token
2025-12-07 19:21:45 info: Verifying JWT token
2025-12-07 19:21:47 info: Verifying JWT token
2025-12-07 19:21:47 info: Auth Me Route Accessed
2025-12-07 19:21:47 info: Auth Me Route Accessed
2025-12-07 19:21:47 info: Verifying JWT token
2025-12-07 19:21:47 info: Verifying JWT token
2025-12-07 19:21:47 info: Verifying JWT token
2025-12-07 19:21:47 info: Verifying JWT token
2025-12-07 19:21:48 info: Auth Me Route Accessed
2025-12-07 19:21:48 info: Getting user tweets
2025-12-07 19:21:48 info: Get follower controller called
2025-12-07 19:21:48 info: Verifying JWT token
2025-12-07 19:21:48 info: Verifying JWT token
2025-12-07 19:21:48 info: Getting user tweets
2025-12-07 19:21:48 info: Get follower controller called
2025-12-07 19:21:48 info: Fetching random users for tweet
2025-12-07 19:21:48 info: Verifying JWT token
2025-12-07 19:21:48 info: Fetching random users for tweet
2025-12-07 19:21:48 info: Verifying JWT token
2025-12-07 19:21:49 info: Getting three random tweets
2025-12-07 19:21:49 info: Verifying JWT token
2025-12-07 19:21:49 info: Getting three random tweets
2025-12-07 19:21:50 info: Auth Me Route Accessed
2025-12-07 19:22:43 info: Verifying JWT token
2025-12-07 19:22:43 info: Auth Me Route Accessed
2025-12-07 19:22:43 info: Verifying JWT token
2025-12-07 19:22:43 info: Auth Me Route Accessed
2025-12-07 19:23:24 info: Verifying JWT token
2025-12-07 19:23:24 info: Auth Me Route Accessed
2025-12-07 19:23:24 info: Verifying JWT token
2025-12-07 19:23:24 info: Verifying JWT token
2025-12-07 19:23:24 info: Verifying JWT token
2025-12-07 19:23:24 info: Verifying JWT token
2025-12-07 19:23:24 info: Auth Me Route Accessed
2025-12-07 19:23:24 info: Getting three random tweets
2025-12-07 19:23:24 info: Fetching random users for tweet
2025-12-07 19:23:24 info: Get follower controller called
2025-12-07 19:23:24 info: Verifying JWT token
2025-12-07 19:23:24 info: Verifying JWT token
2025-12-07 19:23:24 info: Verifying JWT token
2025-12-07 19:23:24 info: Getting three random tweets
2025-12-07 19:23:24 info: Fetching random users for tweet
2025-12-07 19:23:24 info: Get follower controller called
2025-12-07 19:24:28 info: Verifying JWT token
2025-12-07 19:24:28 info: Auth Me Route Accessed
2025-12-07 19:24:28 info: Verifying JWT token
2025-12-07 19:24:28 info: Verifying JWT token
2025-12-07 19:24:28 info: Verifying JWT token
2025-12-07 19:24:28 info: Verifying JWT token
2025-12-07 19:24:29 info: Auth Me Route Accessed
2025-12-07 19:24:29 info: Fetching random users for tweet
2025-12-07 19:24:29 info: Get follower controller called
2025-12-07 19:24:29 info: Getting three random tweets
2025-12-07 19:24:29 info: Verifying JWT token
2025-12-07 19:24:29 info: Verifying JWT token
2025-12-07 19:24:29 info: Verifying JWT token
2025-12-07 19:24:29 info: Getting three random tweets
2025-12-07 19:24:29 info: Fetching random users for tweet
2025-12-07 19:24:29 info: Get follower controller called
2025-12-07 19:24:53 info: Verifying JWT token
2025-12-07 19:24:54 info: Getting three random tweets
2025-12-07 19:24:54 info: Verifying JWT token
2025-12-07 19:24:55 info: Auth Me Route Accessed
2025-12-07 19:24:55 info: Verifying JWT token
2025-12-07 19:24:55 info: Verifying JWT token
2025-12-07 19:24:55 info: Verifying JWT token
2025-12-07 19:24:55 info: Verifying JWT token
2025-12-07 19:24:55 info: Auth Me Route Accessed
2025-12-07 19:24:55 info: Getting three random tweets
2025-12-07 19:24:55 info: Get follower controller called
2025-12-07 19:24:55 info: Fetching random users for tweet
2025-12-07 19:24:55 info: Verifying JWT token
2025-12-07 19:24:55 info: Verifying JWT token
2025-12-07 19:24:55 info: Verifying JWT token
2025-12-07 19:24:55 info: Fetching random users for tweet
2025-12-07 19:24:55 info: Get follower controller called
2025-12-07 19:24:55 info: Getting three random tweets
2025-12-07 19:25:20 info: Verifying JWT token
2025-12-07 19:25:20 info: Getting three random tweets
2025-12-07 19:26:13 info: Verifying JWT token
2025-12-07 19:26:13 info: Getting three random tweets
2025-12-07 19:26:18 info: Verifying JWT token
2025-12-07 19:26:18 info: Auth Me Route Accessed
2025-12-07 19:26:18 info: Verifying JWT token
2025-12-07 19:26:18 info: Verifying JWT token
2025-12-07 19:26:18 info: Verifying JWT token
2025-12-07 19:26:18 info: Verifying JWT token
2025-12-07 19:26:18 info: Fetching random users for tweet
2025-12-07 19:26:19 info: Auth Me Route Accessed
2025-12-07 19:26:19 info: Getting three random tweets
2025-12-07 19:26:19 info: Get follower controller called
2025-12-07 19:26:19 info: Verifying JWT token
2025-12-07 19:26:19 info: Verifying JWT token
2025-12-07 19:26:19 info: Verifying JWT token
2025-12-07 19:26:19 info: Getting three random tweets
2025-12-07 19:26:19 info: Fetching random users for tweet
2025-12-07 19:26:19 info: Get follower controller called
2025-12-07 19:26:26 info: Verifying JWT token
2025-12-07 19:26:26 info: Getting three random tweets
2025-12-07 19:26:33 info: Verifying JWT token
2025-12-07 19:26:33 info: Getting three random tweets
2025-12-07 19:26:36 info: Verifying JWT token
2025-12-07 19:26:36 info: Getting three random tweets
2025-12-07 20:07:05 info: Connecting to MongoDB...
2025-12-07 20:07:07 info: MongoDB connected successfully
2025-12-07 20:07:08 info: Verifying JWT token
2025-12-07 20:07:09 info: Verifying JWT token
2025-12-07 20:07:09 info: Auth Me Route Accessed
2025-12-07 20:07:10 info: Auth Me Route Accessed
2025-12-07 20:07:10 info: Verifying JWT token
2025-12-07 20:07:10 info: Verifying JWT token
2025-12-07 20:07:10 info: Verifying JWT token
2025-12-07 20:07:10 info: Verifying JWT token
2025-12-07 20:07:10 info: Auth Me Route Accessed
2025-12-07 20:07:10 info: Getting three random tweets
2025-12-07 20:07:10 info: Fetching random users for tweet
2025-12-07 20:07:10 info: Get follower controller called
2025-12-07 20:07:10 info: Verifying JWT token
2025-12-07 20:07:10 info: Verifying JWT token
2025-12-07 20:07:10 info: Verifying JWT token
2025-12-07 20:07:10 info: Getting three random tweets
2025-12-07 20:07:10 info: Fetching random users for tweet
2025-12-07 20:07:10 info: Get follower controller called
2025-12-07 20:07:11 info: Verifying JWT token
2025-12-07 20:07:11 info: Auth Me Route Accessed
2025-12-07 20:07:11 info: Verifying JWT token
2025-12-07 20:07:11 info: Verifying JWT token
2025-12-07 20:07:11 info: Verifying JWT token
2025-12-07 20:07:11 info: Verifying JWT token
2025-12-07 20:07:11 info: Auth Me Route Accessed
2025-12-07 20:07:11 info: Getting three random tweets
2025-12-07 20:07:11 info: Fetching random users for tweet
2025-12-07 20:07:11 info: Get follower controller called
2025-12-07 20:07:11 info: Verifying JWT token
2025-12-07 20:07:11 info: Verifying JWT token
2025-12-07 20:07:11 info: Verifying JWT token
2025-12-07 20:07:11 info: Getting three random tweets
2025-12-07 20:07:11 info: Get follower controller called
2025-12-07 20:07:11 info: Auth Me Route Accessed
2025-12-07 20:07:11 info: Verifying JWT token
2025-12-07 20:07:11 info: Verifying JWT token
2025-12-07 20:07:11 info: Verifying JWT token
2025-12-07 20:07:11 info: Verifying JWT token
2025-12-07 20:07:11 info: Auth Me Route Accessed
2025-12-07 20:07:11 info: Getting three random tweets
2025-12-07 20:07:12 info: Verifying JWT token
2025-12-07 20:07:12 info: Getting three random tweets
2025-12-07 20:07:12 info: Get follower controller called
2025-12-07 20:07:12 info: Fetching random users for tweet
2025-12-07 20:07:12 info: Verifying JWT token
2025-12-07 20:07:12 info: Verifying JWT token
2025-12-07 20:07:12 info: Get follower controller called
2025-12-07 20:07:13 info: Fetching random users for tweet
2025-12-07 20:07:36 info: Verifying JWT token
2025-12-07 20:07:36 info: Verifying JWT token
2025-12-07 20:07:36 info: Verifying JWT token
2025-12-07 20:07:37 info: Getting three random tweets
2025-12-07 20:07:37 info: Fetching random users for tweet
2025-12-07 20:07:37 info: Get follower controller called
2025-12-07 20:12:19 info: Verifying JWT token
2025-12-07 20:12:19 info: Getting three random tweets
2025-12-07 20:13:45 info: Verifying JWT token
2025-12-07 20:13:45 info: Auth Me Route Accessed
2025-12-07 20:13:45 info: Verifying JWT token
2025-12-07 20:13:45 info: Verifying JWT token
2025-12-07 20:13:45 info: Verifying JWT token
2025-12-07 20:13:45 info: Verifying JWT token
2025-12-07 20:13:45 info: Auth Me Route Accessed
2025-12-07 20:13:45 info: Fetching random users for tweet
2025-12-07 20:13:45 info: Getting three random tweets
2025-12-07 20:13:45 info: Get follower controller called
2025-12-07 20:13:46 info: Verifying JWT token
2025-12-07 20:13:46 info: Verifying JWT token
2025-12-07 20:13:46 info: Verifying JWT token
2025-12-07 20:13:46 info: Getting three random tweets
2025-12-07 20:13:46 info: Fetching random users for tweet
2025-12-07 20:13:46 info: Get follower controller called
2025-12-07 20:13:46 info: Verifying JWT token
2025-12-07 20:13:46 info: Auth Me Route Accessed
2025-12-07 20:13:46 info: Verifying JWT token
2025-12-07 20:13:46 info: Verifying JWT token
2025-12-07 20:13:46 info: Verifying JWT token
2025-12-07 20:13:46 info: Verifying JWT token
2025-12-07 20:13:46 info: Auth Me Route Accessed
2025-12-07 20:13:46 info: Fetching random users for tweet
2025-12-07 20:13:46 info: Getting three random tweets
2025-12-07 20:13:46 info: Get follower controller called
2025-12-07 20:13:46 info: Verifying JWT token
2025-12-07 20:13:46 info: Fetching random users for tweet
2025-12-07 20:13:46 info: Verifying JWT token
2025-12-07 20:13:46 info: Verifying JWT token
2025-12-07 20:13:47 info: Getting three random tweets
2025-12-07 20:13:47 info: Get follower controller called
2025-12-07 20:15:11 info: Verifying JWT token
2025-12-07 20:15:11 info: Verifying JWT token
2025-12-07 20:15:11 info: Verifying JWT token
2025-12-07 20:15:11 info: Fetching random users for tweet
2025-12-07 20:15:11 info: Getting three random tweets
2025-12-07 20:15:11 info: Get follower controller called
2025-12-07 20:15:13 info: Verifying JWT token
2025-12-07 20:15:13 info: Auth Me Route Accessed
2025-12-07 20:15:13 info: Verifying JWT token
2025-12-07 20:15:13 info: Verifying JWT token
2025-12-07 20:15:13 info: Verifying JWT token
2025-12-07 20:15:13 info: Verifying JWT token
2025-12-07 20:15:13 info: Getting three random tweets
2025-12-07 20:15:13 info: Auth Me Route Accessed
2025-12-07 20:15:13 info: Fetching random users for tweet
2025-12-07 20:15:13 info: Get follower controller called
2025-12-07 20:15:13 info: Verifying JWT token
2025-12-07 20:15:13 info: Verifying JWT token
2025-12-07 20:15:13 info: Verifying JWT token
2025-12-07 20:15:14 info: Getting three random tweets
2025-12-07 20:15:14 info: Fetching random users for tweet
2025-12-07 20:15:14 info: Get follower controller called
2025-12-07 20:16:06 info: Verifying JWT token
2025-12-07 20:16:06 info: Auth Me Route Accessed
2025-12-07 20:16:06 info: Verifying JWT token
2025-12-07 20:16:06 info: Verifying JWT token
2025-12-07 20:16:06 info: Verifying JWT token
2025-12-07 20:16:06 info: Verifying JWT token
2025-12-07 20:16:07 info: Auth Me Route Accessed
2025-12-07 20:16:07 info: Fetching random users for tweet
2025-12-07 20:16:07 info: Getting three random tweets
2025-12-07 20:16:07 info: Get follower controller called
2025-12-07 20:16:07 info: Verifying JWT token
2025-12-07 20:16:07 info: Verifying JWT token
2025-12-07 20:16:07 info: Verifying JWT token
2025-12-07 20:16:07 info: Getting three random tweets
2025-12-07 20:16:07 info: Fetching random users for tweet
2025-12-07 20:16:07 info: Get follower controller called
2025-12-07 20:17:39 info: Verifying JWT token
2025-12-07 20:17:39 info: Verifying JWT token
2025-12-07 20:17:39 info: Verifying JWT token
2025-12-07 20:17:39 info: Getting three random tweets
2025-12-07 20:17:39 info: Fetching random users for tweet
2025-12-07 20:17:39 info: Get follower controller called
2025-12-07 20:19:55 info: Verifying JWT token
2025-12-07 20:19:55 info: Getting three random tweets
2025-12-07 20:25:23 info: Connecting to MongoDB...
2025-12-07 20:25:36 info: MongoDB connected successfully
2025-12-07 20:26:35 info: Connecting to MongoDB...
2025-12-07 20:26:44 info: Connecting to MongoDB...
2025-12-07 20:26:51 info: MongoDB connected successfully
2025-12-07 20:28:36 info: Connecting to MongoDB...
2025-12-07 20:28:38 info: MongoDB connected successfully
2025-12-07 20:31:40 info: Connecting to MongoDB...
2025-12-07 20:31:47 info: MongoDB connected successfully
2025-12-07 20:32:04 info: Connecting to MongoDB...
2025-12-07 20:32:09 info: Connecting to MongoDB...
2025-12-07 20:32:11 info: MongoDB connected successfully
2025-12-07 20:32:41 info: Connecting to MongoDB...
2025-12-07 20:32:53 info: MongoDB connected successfully
2025-12-07 20:33:10 info: Connecting to MongoDB...
2025-12-07 20:33:32 info: Connecting to MongoDB...
2025-12-07 20:34:17 info: Connecting to MongoDB...
2025-12-07 20:34:19 info: MongoDB connected successfully
2025-12-07 20:34:39 info: Connecting to MongoDB...
2025-12-07 20:34:55 info: Connecting to MongoDB...
2025-12-07 20:35:02 info: MongoDB connected successfully
2025-12-07 20:35:29 info: Connecting to MongoDB...
2025-12-07 20:36:14 info: Connecting to MongoDB...
2025-12-07 20:36:20 info: MongoDB connected successfully
2025-12-07 20:37:07 info: Connecting to MongoDB...
2025-12-07 20:37:53 info: Connecting to MongoDB...
2025-12-07 20:38:02 info: Connecting to MongoDB...
2025-12-07 20:38:34 info: Connecting to MongoDB...
2025-12-07 20:38:55 info: Connecting to MongoDB...
2025-12-07 20:39:13 info: Connecting to MongoDB...
2025-12-07 20:39:15 info: MongoDB connected successfully
2025-12-07 20:39:36 info: Connecting to MongoDB...
2025-12-07 20:39:42 info: MongoDB connected successfully
2025-12-07 20:40:07 info: Connecting to MongoDB...
2025-12-07 20:40:08 info: MongoDB connected successfully
2025-12-07 20:41:04 info: Connecting to MongoDB...
2025-12-07 20:41:06 info: MongoDB connected successfully
2025-12-07 20:41:25 info: Connecting to MongoDB...
2025-12-07 20:41:31 info: MongoDB connected successfully
2025-12-07 20:42:36 info: Connecting to MongoDB...
2025-12-07 20:42:42 info: Connecting to MongoDB...
2025-12-07 20:42:44 info: MongoDB connected successfully
2025-12-07 20:43:38 info: Connecting to MongoDB...
2025-12-07 20:43:52 info: Connecting to MongoDB...
2025-12-07 20:44:13 info: Connecting to MongoDB...
2025-12-07 20:44:19 info: MongoDB connected successfully
2025-12-07 20:44:35 info: Connecting to MongoDB...
2025-12-07 20:44:41 info: MongoDB connected successfully
2025-12-07 20:45:38 info: Connecting to MongoDB...
2025-12-07 20:45:45 info: MongoDB connected successfully
2025-12-07 20:45:47 info: User sign-in started
2025-12-07 20:45:47 info: Verifying JWT token
2025-12-07 20:45:47 info: Verifying JWT token
2025-12-07 20:45:47 info: Verifying JWT token
2025-12-07 20:45:47 info: Getting three random tweets
2025-12-07 20:45:47 info: Fetching random users for tweet
2025-12-07 20:45:47 info: Verifying JWT token
2025-12-07 20:45:47 info: Verifying JWT token
2025-12-07 20:45:48 info: Getting three random tweets
2025-12-07 20:45:48 info: Fetching random users for tweet
2025-12-07 20:45:48 info: Get follower controller called
2025-12-07 20:45:48 info: Verifying JWT token
2025-12-07 20:45:49 info: Get follower controller called
2025-12-07 20:46:17 info: Verifying JWT token
2025-12-07 20:46:17 info: Creating reply for tweet
2025-12-07 20:47:46 info: Verifying JWT token
2025-12-07 20:47:46 info: Auth Me Route Accessed
2025-12-07 20:47:46 info: Verifying JWT token
2025-12-07 20:47:46 info: Verifying JWT token
2025-12-07 20:47:46 info: Verifying JWT token
2025-12-07 20:47:46 info: Verifying JWT token
2025-12-07 20:47:46 info: Auth Me Route Accessed
2025-12-07 20:47:46 info: Getting three random tweets
2025-12-07 20:47:46 info: Fetching random users for tweet
2025-12-07 20:47:46 info: Get follower controller called
2025-12-07 20:47:46 info: Verifying JWT token
2025-12-07 20:47:46 info: Verifying JWT token
2025-12-07 20:47:46 info: Verifying JWT token
2025-12-07 20:47:46 info: Getting three random tweets
2025-12-07 20:47:46 info: Get follower controller called
2025-12-07 20:47:47 info: Fetching random users for tweet
2025-12-07 20:47:48 info: Verifying JWT token
2025-12-07 20:47:48 info: Auth Me Route Accessed
2025-12-07 20:47:48 info: Verifying JWT token
2025-12-07 20:47:49 info: Verifying JWT token
2025-12-07 20:47:49 info: Verifying JWT token
2025-12-07 20:47:49 info: Verifying JWT token
2025-12-07 20:47:49 info: Fetching random users for tweet
2025-12-07 20:47:49 info: Getting three random tweets
2025-12-07 20:47:49 info: Auth Me Route Accessed
2025-12-07 20:47:49 info: Get follower controller called
2025-12-07 20:47:49 info: Verifying JWT token
2025-12-07 20:47:49 info: Verifying JWT token
2025-12-07 20:47:49 info: Verifying JWT token
2025-12-07 20:47:49 info: Fetching random users for tweet
2025-12-07 20:47:49 info: Getting three random tweets
2025-12-07 20:47:49 info: Get follower controller called
2025-12-07 20:47:50 info: Verifying JWT token
2025-12-07 20:47:50 info: Auth Me Route Accessed
2025-12-07 20:47:50 info: Verifying JWT token
2025-12-07 20:47:50 info: Verifying JWT token
2025-12-07 20:47:50 info: Verifying JWT token
2025-12-07 20:47:50 info: Verifying JWT token
2025-12-07 20:47:50 info: Auth Me Route Accessed
2025-12-07 20:47:50 info: Getting three random tweets
2025-12-07 20:47:50 info: Fetching random users for tweet
2025-12-07 20:47:50 info: Get follower controller called
2025-12-07 20:47:51 info: Verifying JWT token
2025-12-07 20:47:51 info: Verifying JWT token
2025-12-07 20:47:51 info: Fetching random users for tweet
2025-12-07 20:47:51 info: Get follower controller called
2025-12-07 20:47:51 info: Verifying JWT token
2025-12-07 20:47:51 info: Getting three random tweets
2025-12-07 20:47:53 info: Verifying JWT token
2025-12-07 20:47:53 info: Auth Me Route Accessed
2025-12-07 20:47:53 info: Verifying JWT token
2025-12-07 20:47:53 info: Verifying JWT token
2025-12-07 20:47:53 info: Verifying JWT token
2025-12-07 20:47:53 info: Verifying JWT token
2025-12-07 20:47:53 info: Auth Me Route Accessed
2025-12-07 20:47:53 info: Getting three random tweets
2025-12-07 20:47:53 info: Fetching random users for tweet
2025-12-07 20:47:53 info: Get follower controller called
2025-12-07 20:47:53 info: Verifying JWT token
2025-12-07 20:47:53 info: Verifying JWT token
2025-12-07 20:47:53 info: Verifying JWT token
2025-12-07 20:47:53 info: Getting three random tweets
2025-12-07 20:47:53 info: Fetching random users for tweet
2025-12-07 20:47:53 info: Get follower controller called
2025-12-07 20:48:22 info: Verifying JWT token
2025-12-07 20:48:22 info: Creating reply for tweet
2025-12-07 20:50:58 info: Verifying JWT token
2025-12-07 20:50:58 info: Auth Me Route Accessed
2025-12-07 20:50:58 info: Verifying JWT token
2025-12-07 20:50:58 info: Verifying JWT token
2025-12-07 20:50:58 info: Verifying JWT token
2025-12-07 20:50:58 info: Verifying JWT token
2025-12-07 20:50:58 info: Auth Me Route Accessed
2025-12-07 20:50:58 info: Getting three random tweets
2025-12-07 20:50:58 info: Fetching random users for tweet
2025-12-07 20:50:58 info: Get follower controller called
2025-12-07 20:50:58 info: Verifying JWT token
2025-12-07 20:50:58 info: Verifying JWT token
2025-12-07 20:50:58 info: Verifying JWT token
2025-12-07 20:50:58 info: Getting three random tweets
2025-12-07 20:50:58 info: Fetching random users for tweet
2025-12-07 20:50:58 info: Get follower controller called
2025-12-07 20:50:59 info: Verifying JWT token
2025-12-07 20:50:59 info: Auth Me Route Accessed
2025-12-07 20:50:59 info: Verifying JWT token
2025-12-07 20:50:59 info: Verifying JWT token
2025-12-07 20:50:59 info: Verifying JWT token
2025-12-07 20:50:59 info: Verifying JWT token
2025-12-07 20:51:00 info: Auth Me Route Accessed
2025-12-07 20:51:00 info: Getting three random tweets
2025-12-07 20:51:00 info: Fetching random users for tweet
2025-12-07 20:51:00 info: Get follower controller called
2025-12-07 20:51:00 info: Verifying JWT token
2025-12-07 20:51:00 info: Verifying JWT token
2025-12-07 20:51:00 info: Verifying JWT token
2025-12-07 20:51:00 info: Getting three random tweets
2025-12-07 20:51:00 info: Fetching random users for tweet
2025-12-07 20:51:00 info: Get follower controller called
2025-12-07 20:51:01 info: Verifying JWT token
2025-12-07 20:51:01 info: Auth Me Route Accessed
2025-12-07 20:51:01 info: Verifying JWT token
2025-12-07 20:51:01 info: Verifying JWT token
2025-12-07 20:51:01 info: Verifying JWT token
2025-12-07 20:51:01 info: Verifying JWT token
2025-12-07 20:51:01 info: Auth Me Route Accessed
2025-12-07 20:51:01 info: Getting three random tweets
2025-12-07 20:51:01 info: Fetching random users for tweet
2025-12-07 20:51:01 info: Get follower controller called
2025-12-07 20:51:01 info: Verifying JWT token
2025-12-07 20:51:01 info: Verifying JWT token
2025-12-07 20:51:01 info: Getting three random tweets
2025-12-07 20:51:01 info: Fetching random users for tweet
2025-12-07 20:51:02 info: Verifying JWT token
2025-12-07 20:51:02 info: Get follower controller called
2025-12-07 20:51:02 info: Verifying JWT token
2025-12-07 20:51:03 info: Auth Me Route Accessed
2025-12-07 20:51:03 info: Verifying JWT token
2025-12-07 20:51:03 info: Verifying JWT token
2025-12-07 20:51:03 info: Verifying JWT token
2025-12-07 20:51:03 info: Verifying JWT token
2025-12-07 20:51:03 info: Getting three random tweets
2025-12-07 20:51:03 info: Auth Me Route Accessed
2025-12-07 20:51:03 info: Fetching random users for tweet
2025-12-07 20:51:03 info: Get follower controller called
2025-12-07 20:51:03 info: Verifying JWT token
2025-12-07 20:51:03 info: Verifying JWT token
2025-12-07 20:51:03 info: Verifying JWT token
2025-12-07 20:51:03 info: Getting three random tweets
2025-12-07 20:51:03 info: Get follower controller called
2025-12-07 20:51:03 info: Fetching random users for tweet
2025-12-07 20:51:05 info: Verifying JWT token
2025-12-07 20:51:05 info: Auth Me Route Accessed
2025-12-07 20:51:05 info: Verifying JWT token
2025-12-07 20:51:05 info: Verifying JWT token
2025-12-07 20:51:05 info: Verifying JWT token
2025-12-07 20:51:05 info: Verifying JWT token
2025-12-07 20:51:05 info: Getting three random tweets
2025-12-07 20:51:05 info: Auth Me Route Accessed
2025-12-07 20:51:05 info: Get follower controller called
2025-12-07 20:51:05 info: Fetching random users for tweet
2025-12-07 20:51:05 info: Verifying JWT token
2025-12-07 20:51:05 info: Verifying JWT token
2025-12-07 20:51:05 info: Verifying JWT token
2025-12-07 20:51:05 info: Getting three random tweets
2025-12-07 20:51:06 info: Fetching random users for tweet
2025-12-07 20:51:06 info: Get follower controller called
2025-12-07 20:51:08 info: Verifying JWT token
2025-12-07 20:51:08 info: Auth Me Route Accessed
2025-12-07 20:51:08 info: Verifying JWT token
2025-12-07 20:51:08 info: Verifying JWT token
2025-12-07 20:51:08 info: Verifying JWT token
2025-12-07 20:51:08 info: Verifying JWT token
2025-12-07 20:51:08 info: Getting three random tweets
2025-12-07 20:51:08 info: Auth Me Route Accessed
2025-12-07 20:51:08 info: Fetching random users for tweet
2025-12-07 20:51:08 info: Get follower controller called
2025-12-07 20:51:09 info: Verifying JWT token
2025-12-07 20:51:09 info: Verifying JWT token
2025-12-07 20:51:09 info: Verifying JWT token
2025-12-07 20:51:09 info: Getting three random tweets
2025-12-07 20:51:09 info: Get follower controller called
2025-12-07 20:51:09 info: Fetching random users for tweet
2025-12-07 20:51:10 info: Verifying JWT token
2025-12-07 20:51:10 info: Auth Me Route Accessed
2025-12-07 20:51:10 info: Verifying JWT token
2025-12-07 20:51:10 info: Verifying JWT token
2025-12-07 20:51:10 info: Verifying JWT token
2025-12-07 20:51:10 info: Verifying JWT token
2025-12-07 20:51:11 info: Auth Me Route Accessed
2025-12-07 20:51:11 info: Getting three random tweets
2025-12-07 20:51:11 info: Fetching random users for tweet
2025-12-07 20:51:11 info: Get follower controller called
2025-12-07 20:51:11 info: Verifying JWT token
2025-12-07 20:51:11 info: Verifying JWT token
2025-12-07 20:51:11 info: Verifying JWT token
2025-12-07 20:51:11 info: Getting three random tweets
2025-12-07 20:51:11 info: Fetching random users for tweet
2025-12-07 20:51:11 info: Get follower controller called
2025-12-07 20:51:32 info: Verifying JWT token
2025-12-07 20:51:32 info: Getting replies for tweet
2025-12-07 20:51:32 error: Error fetching comments from database
2025-12-07 20:51:36 info: Verifying JWT token
2025-12-07 20:51:36 info: Auth Me Route Accessed
2025-12-07 20:51:36 info: Verifying JWT token
2025-12-07 20:51:36 info: Verifying JWT token
2025-12-07 20:51:36 info: Verifying JWT token
2025-12-07 20:51:36 info: Verifying JWT token
2025-12-07 20:51:36 info: Auth Me Route Accessed
2025-12-07 20:51:36 info: Get follower controller called
2025-12-07 20:51:36 info: Getting three random tweets
2025-12-07 20:51:36 info: Fetching random users for tweet
2025-12-07 20:51:36 info: Verifying JWT token
2025-12-07 20:51:36 info: Verifying JWT token
2025-12-07 20:51:36 info: Verifying JWT token
2025-12-07 20:51:37 info: Get follower controller called
2025-12-07 20:51:37 info: Getting three random tweets
2025-12-07 20:51:37 info: Fetching random users for tweet
2025-12-07 20:51:38 info: Verifying JWT token
2025-12-07 20:51:38 info: Auth Me Route Accessed
2025-12-07 20:51:38 info: Verifying JWT token
2025-12-07 20:51:38 info: Verifying JWT token
2025-12-07 20:51:38 info: Verifying JWT token
2025-12-07 20:51:38 info: Verifying JWT token
2025-12-07 20:51:39 info: Auth Me Route Accessed
2025-12-07 20:51:39 info: Fetching random users for tweet
2025-12-07 20:51:39 info: Getting three random tweets
2025-12-07 20:51:39 info: Get follower controller called
2025-12-07 20:51:39 info: Verifying JWT token
2025-12-07 20:51:39 info: Verifying JWT token
2025-12-07 20:51:39 info: Getting three random tweets
2025-12-07 20:51:39 info: Get follower controller called
2025-12-07 20:51:39 info: Verifying JWT token
2025-12-07 20:51:39 info: Fetching random users for tweet
2025-12-07 20:51:39 info: Verifying JWT token
2025-12-07 20:51:40 info: Auth Me Route Accessed
2025-12-07 20:51:40 info: Verifying JWT token
2025-12-07 20:51:40 info: Verifying JWT token
2025-12-07 20:51:40 info: Verifying JWT token
2025-12-07 20:51:40 info: Verifying JWT token
2025-12-07 20:51:40 info: Auth Me Route Accessed
2025-12-07 20:51:40 info: Getting three random tweets
2025-12-07 20:51:40 info: Fetching random users for tweet
2025-12-07 20:51:40 info: Get follower controller called
2025-12-07 20:51:40 info: Verifying JWT token
2025-12-07 20:51:40 info: Verifying JWT token
2025-12-07 20:51:40 info: Verifying JWT token
2025-12-07 20:51:40 info: Fetching random users for tweet
2025-12-07 20:51:40 info: Getting three random tweets
2025-12-07 20:51:40 info: Get follower controller called
2025-12-07 20:51:41 info: Verifying JWT token
2025-12-07 20:51:41 info: Auth Me Route Accessed
2025-12-07 20:51:41 info: Verifying JWT token
2025-12-07 20:51:41 info: Verifying JWT token
2025-12-07 20:51:41 info: Verifying JWT token
2025-12-07 20:51:41 info: Verifying JWT token
2025-12-07 20:51:41 info: Auth Me Route Accessed
2025-12-07 20:51:41 info: Getting three random tweets
2025-12-07 20:51:41 info: Fetching random users for tweet
2025-12-07 20:51:41 info: Get follower controller called
2025-12-07 20:51:41 info: Verifying JWT token
2025-12-07 20:51:41 info: Verifying JWT token
2025-12-07 20:51:41 info: Verifying JWT token
2025-12-07 20:51:41 info: Fetching random users for tweet
2025-12-07 20:51:41 info: Getting three random tweets
2025-12-07 20:51:41 info: Get follower controller called
2025-12-07 20:51:44 info: Verifying JWT token
2025-12-07 20:51:44 info: Auth Me Route Accessed
2025-12-07 20:51:44 info: Verifying JWT token
2025-12-07 20:51:44 info: Verifying JWT token
2025-12-07 20:51:44 info: Verifying JWT token
2025-12-07 20:51:44 info: Verifying JWT token
2025-12-07 20:51:44 info: Auth Me Route Accessed
2025-12-07 20:51:44 info: Fetching random users for tweet
2025-12-07 20:51:44 info: Get follower controller called
2025-12-07 20:51:44 info: Getting three random tweets
2025-12-07 20:51:44 info: Verifying JWT token
2025-12-07 20:51:44 info: Verifying JWT token
2025-12-07 20:51:44 info: Verifying JWT token
2025-12-07 20:51:44 info: Get follower controller called
2025-12-07 20:51:44 info: Getting three random tweets
2025-12-07 20:51:44 info: Fetching random users for tweet
2025-12-07 20:51:46 info: Verifying JWT token
2025-12-07 20:51:46 info: Auth Me Route Accessed
2025-12-07 20:51:46 info: Verifying JWT token
2025-12-07 20:51:46 info: Verifying JWT token
2025-12-07 20:51:46 info: Verifying JWT token
2025-12-07 20:51:46 info: Verifying JWT token
2025-12-07 20:51:46 info: Fetching random users for tweet
2025-12-07 20:51:46 info: Auth Me Route Accessed
2025-12-07 20:51:46 info: Getting three random tweets
2025-12-07 20:51:46 info: Get follower controller called
2025-12-07 20:51:46 info: Verifying JWT token
2025-12-07 20:51:46 info: Fetching random users for tweet
2025-12-07 20:51:46 info: Verifying JWT token
2025-12-07 20:51:46 info: Get follower controller called
2025-12-07 20:51:47 info: Verifying JWT token
2025-12-07 20:51:47 info: Getting three random tweets
2025-12-07 20:51:48 info: Verifying JWT token
2025-12-07 20:51:48 info: Auth Me Route Accessed
2025-12-07 20:51:48 info: Verifying JWT token
2025-12-07 20:51:48 info: Verifying JWT token
2025-12-07 20:51:48 info: Verifying JWT token
2025-12-07 20:51:48 info: Verifying JWT token
2025-12-07 20:51:48 info: Fetching random users for tweet
2025-12-07 20:51:48 info: Getting three random tweets
2025-12-07 20:51:48 info: Auth Me Route Accessed
2025-12-07 20:51:48 info: Get follower controller called
2025-12-07 20:51:48 info: Verifying JWT token
2025-12-07 20:51:48 info: Verifying JWT token
2025-12-07 20:51:49 info: Get follower controller called
2025-12-07 20:51:49 info: Verifying JWT token
2025-12-07 20:51:49 info: Fetching random users for tweet
2025-12-07 20:51:49 info: Getting three random tweets
2025-12-07 20:51:49 info: Verifying JWT token
2025-12-07 20:51:50 info: Auth Me Route Accessed
2025-12-07 20:51:50 info: Verifying JWT token
2025-12-07 20:51:50 info: Verifying JWT token
2025-12-07 20:51:50 info: Verifying JWT token
2025-12-07 20:51:50 info: Verifying JWT token
2025-12-07 20:51:50 info: Auth Me Route Accessed
2025-12-07 20:51:50 info: Get follower controller called
2025-12-07 20:51:50 info: Getting three random tweets
2025-12-07 20:51:50 info: Fetching random users for tweet
2025-12-07 20:51:50 info: Verifying JWT token
2025-12-07 20:51:50 info: Verifying JWT token
2025-12-07 20:51:50 info: Verifying JWT token
2025-12-07 20:51:50 info: Getting three random tweets
2025-12-07 20:51:50 info: Get follower controller called
2025-12-07 20:51:50 info: Fetching random users for tweet
2025-12-07 20:51:53 info: Verifying JWT token
2025-12-07 20:51:53 info: Auth Me Route Accessed
2025-12-07 20:51:53 info: Verifying JWT token
2025-12-07 20:51:53 info: Verifying JWT token
2025-12-07 20:51:53 info: Verifying JWT token
2025-12-07 20:51:53 info: Verifying JWT token
2025-12-07 20:51:53 info: Auth Me Route Accessed
2025-12-07 20:51:53 info: Fetching random users for tweet
2025-12-07 20:51:53 info: Getting three random tweets
2025-12-07 20:51:53 info: Get follower controller called
2025-12-07 20:51:53 info: Verifying JWT token
2025-12-07 20:51:53 info: Get follower controller called
2025-12-07 20:51:53 info: Verifying JWT token
2025-12-07 20:51:53 info: Verifying JWT token
2025-12-07 20:51:53 info: Fetching random users for tweet
2025-12-07 20:51:53 info: Getting three random tweets
2025-12-07 20:52:00 info: Verifying JWT token
2025-12-07 20:52:00 info: Auth Me Route Accessed
2025-12-07 20:52:00 info: Verifying JWT token
2025-12-07 20:52:00 info: Verifying JWT token
2025-12-07 20:52:00 info: Verifying JWT token
2025-12-07 20:52:00 info: Verifying JWT token
2025-12-07 20:52:00 info: Auth Me Route Accessed
2025-12-07 20:52:00 info: Fetching random users for tweet
2025-12-07 20:52:00 info: Getting three random tweets
2025-12-07 20:52:00 info: Get follower controller called
2025-12-07 20:52:00 info: Verifying JWT token
2025-12-07 20:52:00 info: Verifying JWT token
2025-12-07 20:52:00 info: Verifying JWT token
2025-12-07 20:52:01 info: Fetching random users for tweet
2025-12-07 20:52:01 info: Getting three random tweets
2025-12-07 20:52:01 info: Get follower controller called
2025-12-07 20:52:02 info: Verifying JWT token
2025-12-07 20:52:02 info: Auth Me Route Accessed
2025-12-07 20:52:02 info: Verifying JWT token
2025-12-07 20:52:02 info: Verifying JWT token
2025-12-07 20:52:02 info: Verifying JWT token
2025-12-07 20:52:02 info: Verifying JWT token
2025-12-07 20:52:02 info: Auth Me Route Accessed
2025-12-07 20:52:02 info: Get follower controller called
2025-12-07 20:52:03 info: Verifying JWT token
2025-12-07 20:52:03 info: Get follower controller called
2025-12-07 20:52:03 info: Fetching random users for tweet
2025-12-07 20:52:03 info: Getting three random tweets
2025-12-07 20:52:03 info: Verifying JWT token
2025-12-07 20:52:03 info: Verifying JWT token
2025-12-07 20:52:03 info: Fetching random users for tweet
2025-12-07 20:52:03 info: Getting three random tweets
2025-12-07 20:52:05 info: Verifying JWT token
2025-12-07 20:52:05 info: Auth Me Route Accessed
2025-12-07 20:52:05 info: Verifying JWT token
2025-12-07 20:52:06 info: Verifying JWT token
2025-12-07 20:52:06 info: Verifying JWT token
2025-12-07 20:52:06 info: Verifying JWT token
2025-12-07 20:52:06 info: Auth Me Route Accessed
2025-12-07 20:52:06 info: Getting three random tweets
2025-12-07 20:52:06 info: Fetching random users for tweet
2025-12-07 20:52:06 info: Verifying JWT token
2025-12-07 20:52:06 info: Verifying JWT token
2025-12-07 20:52:06 info: Getting three random tweets
2025-12-07 20:52:06 info: Fetching random users for tweet
2025-12-07 20:52:07 info: Get follower controller called
2025-12-07 20:52:07 info: Verifying JWT token
2025-12-07 20:52:07 info: Get follower controller called
2025-12-07 20:52:07 info: Verifying JWT token
2025-12-07 20:52:08 info: Auth Me Route Accessed
2025-12-07 20:52:08 info: Verifying JWT token
2025-12-07 20:52:08 info: Verifying JWT token
2025-12-07 20:52:08 info: Verifying JWT token
2025-12-07 20:52:08 info: Verifying JWT token
2025-12-07 20:52:08 info: Auth Me Route Accessed
2025-12-07 20:52:08 info: Get follower controller called
2025-12-07 20:52:08 info: Getting three random tweets
2025-12-07 20:52:08 info: Fetching random users for tweet
2025-12-07 20:52:08 info: Verifying JWT token
2025-12-07 20:52:08 info: Get follower controller called
2025-12-07 20:54:21 info: Connecting to MongoDB...
2025-12-07 20:54:24 info: MongoDB connected successfully
2025-12-07 20:54:28 info: User sign-in started
2025-12-07 20:54:29 info: Verifying JWT token
2025-12-07 20:54:29 info: Verifying JWT token
2025-12-07 20:54:29 info: Verifying JWT token
2025-12-07 20:54:29 info: Fetching random users for tweet
2025-12-07 20:54:29 info: Getting three random tweets
2025-12-07 20:54:29 info: Get follower controller called
2025-12-07 20:54:29 info: Verifying JWT token
2025-12-07 20:54:29 info: Verifying JWT token
2025-12-07 20:54:29 info: Verifying JWT token
2025-12-07 20:54:29 info: Fetching random users for tweet
2025-12-07 20:54:29 info: Getting three random tweets
2025-12-07 20:54:30 info: Get follower controller called
2025-12-07 20:54:31 info: Verifying JWT token
2025-12-07 20:54:32 info: Auth Me Route Accessed
2025-12-07 20:54:32 info: Verifying JWT token
2025-12-07 20:54:32 info: Verifying JWT token
2025-12-07 20:54:32 info: Verifying JWT token
2025-12-07 20:54:32 info: Verifying JWT token
2025-12-07 20:54:32 info: Auth Me Route Accessed
2025-12-07 20:54:32 info: Fetching random users for tweet
2025-12-07 20:54:32 info: Getting three random tweets
2025-12-07 20:54:32 info: Get follower controller called
2025-12-07 20:54:32 info: Verifying JWT token
2025-12-07 20:54:32 info: Verifying JWT token
2025-12-07 20:54:32 info: Verifying JWT token
2025-12-07 20:54:32 info: Fetching random users for tweet
2025-12-07 20:54:32 info: Getting three random tweets
2025-12-07 20:54:32 info: Get follower controller called
2025-12-07 20:54:35 info: Verifying JWT token
2025-12-07 20:54:35 info: Auth Me Route Accessed
2025-12-07 20:54:35 info: Verifying JWT token
2025-12-07 20:54:35 info: Verifying JWT token
2025-12-07 20:54:35 info: Verifying JWT token
2025-12-07 20:54:35 info: Verifying JWT token
2025-12-07 20:54:35 info: Auth Me Route Accessed
2025-12-07 20:54:35 info: Getting three random tweets
2025-12-07 20:54:35 info: Fetching random users for tweet
2025-12-07 20:54:35 info: Get follower controller called
2025-12-07 20:54:35 info: Verifying JWT token
2025-12-07 20:54:35 info: Verifying JWT token
2025-12-07 20:54:35 info: Verifying JWT token
2025-12-07 20:54:36 info: Fetching random users for tweet
2025-12-07 20:54:36 info: Getting three random tweets
2025-12-07 20:54:36 info: Get follower controller called
2025-12-07 20:54:37 info: Verifying JWT token
2025-12-07 20:54:38 info: Auth Me Route Accessed
2025-12-07 20:54:38 info: Verifying JWT token
2025-12-07 20:54:38 info: Verifying JWT token
2025-12-07 20:54:38 info: Verifying JWT token
2025-12-07 20:54:38 info: Verifying JWT token
2025-12-07 20:54:38 info: Auth Me Route Accessed
2025-12-07 20:54:38 info: Fetching random users for tweet
2025-12-07 20:54:38 info: Getting three random tweets
2025-12-07 20:54:38 info: Get follower controller called
2025-12-07 20:54:38 info: Verifying JWT token
2025-12-07 20:54:38 info: Verifying JWT token
2025-12-07 20:54:38 info: Fetching random users for tweet
2025-12-07 20:54:38 info: Verifying JWT token
2025-12-07 20:54:38 info: Getting three random tweets
2025-12-07 20:54:38 info: Get follower controller called
2025-12-07 20:54:41 info: Verifying JWT token
2025-12-07 20:54:41 info: Auth Me Route Accessed
2025-12-07 20:54:41 info: Verifying JWT token
2025-12-07 20:54:42 info: Verifying JWT token
2025-12-07 20:54:42 info: Verifying JWT token
2025-12-07 20:54:42 info: Verifying JWT token
2025-12-07 20:54:42 info: Auth Me Route Accessed
2025-12-07 20:54:42 info: Getting three random tweets
2025-12-07 20:54:42 info: Fetching random users for tweet
2025-12-07 20:54:42 info: Get follower controller called
2025-12-07 20:54:42 info: Verifying JWT token
2025-12-07 20:54:42 info: Verifying JWT token
2025-12-07 20:54:42 info: Verifying JWT token
2025-12-07 20:54:42 info: Fetching random users for tweet
2025-12-07 20:54:42 info: Get follower controller called
2025-12-07 20:54:42 info: Getting three random tweets
2025-12-07 20:54:44 info: Verifying JWT token
2025-12-07 20:54:44 info: Auth Me Route Accessed
2025-12-07 20:54:44 info: Verifying JWT token
2025-12-07 20:54:44 info: Verifying JWT token
2025-12-07 20:54:44 info: Verifying JWT token
2025-12-07 20:54:44 info: Verifying JWT token
2025-12-07 20:54:44 info: Getting three random tweets
2025-12-07 20:54:44 info: Fetching random users for tweet
2025-12-07 20:54:44 info: Get follower controller called
2025-12-07 20:54:44 info: Verifying JWT token
2025-12-07 20:54:44 info: Verifying JWT token
2025-12-07 20:54:44 info: Verifying JWT token
2025-12-07 20:54:44 info: Getting three random tweets
2025-12-07 20:54:44 info: Fetching random users for tweet
2025-12-07 20:54:44 info: Auth Me Route Accessed
2025-12-07 20:54:44 info: Get follower controller called
2025-12-07 20:54:46 info: Verifying JWT token
2025-12-07 20:54:46 info: Auth Me Route Accessed
2025-12-07 20:54:46 info: Verifying JWT token
2025-12-07 20:54:46 info: Verifying JWT token
2025-12-07 20:54:46 info: Verifying JWT token
2025-12-07 20:54:46 info: Verifying JWT token
2025-12-07 20:54:46 info: Auth Me Route Accessed
2025-12-07 20:54:46 info: Getting three random tweets
2025-12-07 20:54:46 info: Fetching random users for tweet
2025-12-07 20:54:46 info: Get follower controller called
2025-12-07 20:54:46 info: Verifying JWT token
2025-12-07 20:54:46 info: Verifying JWT token
2025-12-07 20:54:46 info: Verifying JWT token
2025-12-07 20:54:46 info: Fetching random users for tweet
2025-12-07 20:54:46 info: Get follower controller called
2025-12-07 20:54:47 info: Getting three random tweets
2025-12-07 20:54:48 info: Verifying JWT token
2025-12-07 20:54:48 info: Auth Me Route Accessed
2025-12-07 20:54:48 info: Verifying JWT token
2025-12-07 20:54:48 info: Verifying JWT token
2025-12-07 20:54:48 info: Verifying JWT token
2025-12-07 20:54:48 info: Verifying JWT token
2025-12-07 20:54:48 info: Getting three random tweets
2025-12-07 20:54:48 info: Auth Me Route Accessed
2025-12-07 20:54:48 info: Fetching random users for tweet
2025-12-07 20:54:48 info: Get follower controller called
2025-12-07 20:54:48 info: Verifying JWT token
2025-12-07 20:54:48 info: Verifying JWT token
2025-12-07 20:54:48 info: Getting three random tweets
2025-12-07 20:54:48 info: Verifying JWT token
2025-12-07 20:54:48 info: Fetching random users for tweet
2025-12-07 20:54:48 info: Get follower controller called
2025-12-07 20:54:59 info: Verifying JWT token
2025-12-07 20:55:00 info: Creating reply for tweet
2025-12-07 20:57:26 info: Verifying JWT token
2025-12-07 20:57:26 info: Getting replies for tweet
2025-12-07 20:57:26 error: Error fetching comments from database
2025-12-07 20:57:26 info: Verifying JWT token
2025-12-07 20:57:26 info: Getting replies for tweet
2025-12-07 20:57:27 error: Error fetching comments from database
2025-12-07 20:57:27 info: Verifying JWT token
2025-12-07 20:57:27 info: Auth Me Route Accessed
2025-12-07 20:57:27 info: Verifying JWT token
2025-12-07 20:57:27 info: Verifying JWT token
2025-12-07 20:57:27 info: Verifying JWT token
2025-12-07 20:57:27 info: Verifying JWT token
2025-12-07 20:57:27 info: Auth Me Route Accessed
2025-12-07 20:57:27 info: Fetching random users for tweet
2025-12-07 20:57:27 info: Getting three random tweets
2025-12-07 20:57:27 info: Get follower controller called
2025-12-07 20:57:27 info: Verifying JWT token
2025-12-07 20:57:27 info: Verifying JWT token
2025-12-07 20:57:28 info: Verifying JWT token
2025-12-07 20:57:28 info: Fetching random users for tweet
2025-12-07 20:57:28 info: Getting three random tweets
2025-12-07 20:57:28 info: Get follower controller called
2025-12-07 20:57:29 info: Verifying JWT token
2025-12-07 20:57:29 info: Getting replies for tweet
2025-12-07 20:57:29 error: Error fetching comments from database
2025-12-07 20:57:29 info: Verifying JWT token
2025-12-07 20:57:29 info: Getting replies for tweet
2025-12-07 20:57:29 error: Error fetching comments from database
2025-12-07 20:58:17 info: Verifying JWT token
2025-12-07 20:58:17 info: Getting replies for tweet
2025-12-07 20:58:17 error: Error fetching comments from database
2025-12-07 20:58:17 info: Verifying JWT token
2025-12-07 20:58:17 info: Getting replies for tweet
2025-12-07 20:58:17 error: Error fetching comments from database
2025-12-07 21:01:03 info: Connecting to MongoDB...
2025-12-07 21:01:04 info: MongoDB connected successfully
2025-12-07 21:01:07 info: Verifying JWT token
2025-12-07 21:01:07 info: Auth Me Route Accessed
2025-12-07 21:01:07 info: Verifying JWT token
2025-12-07 21:01:08 info: Verifying JWT token
2025-12-07 21:01:08 info: Verifying JWT token
2025-12-07 21:01:08 info: Verifying JWT token
2025-12-07 21:01:08 info: Auth Me Route Accessed
2025-12-07 21:01:08 info: Getting three random tweets
2025-12-07 21:01:08 info: Fetching random users for tweet
2025-12-07 21:01:08 info: Get follower controller called
2025-12-07 21:01:08 info: Verifying JWT token
2025-12-07 21:01:08 info: Verifying JWT token
2025-12-07 21:01:08 info: Verifying JWT token
2025-12-07 21:01:08 info: Getting three random tweets
2025-12-07 21:01:08 info: Fetching random users for tweet
2025-12-07 21:01:08 info: Get follower controller called
2025-12-07 21:01:12 info: Verifying JWT token
2025-12-07 21:01:13 info: Auth Me Route Accessed
2025-12-07 21:01:13 info: Verifying JWT token
2025-12-07 21:01:13 info: Verifying JWT token
2025-12-07 21:01:13 info: Verifying JWT token
2025-12-07 21:01:13 info: Verifying JWT token
2025-12-07 21:01:13 info: Auth Me Route Accessed
2025-12-07 21:01:13 info: Fetching random users for tweet
2025-12-07 21:01:13 info: Getting three random tweets
2025-12-07 21:01:13 info: Verifying JWT token
2025-12-07 21:01:13 info: Verifying JWT token
2025-12-07 21:01:13 info: Fetching random users for tweet
2025-12-07 21:01:13 info: Getting three random tweets
2025-12-07 21:01:14 info: Get follower controller called
2025-12-07 21:01:14 info: Verifying JWT token
2025-12-07 21:01:14 info: Get follower controller called
2025-12-07 21:01:14 info: Verifying JWT token
2025-12-07 21:01:14 info: Auth Me Route Accessed
2025-12-07 21:01:14 info: Verifying JWT token
2025-12-07 21:01:14 info: Verifying JWT token
2025-12-07 21:01:14 info: Verifying JWT token
2025-12-07 21:01:14 info: Verifying JWT token
2025-12-07 21:01:14 info: Auth Me Route Accessed
2025-12-07 21:01:14 info: Getting three random tweets
2025-12-07 21:01:14 info: Get follower controller called
2025-12-07 21:01:14 info: Fetching random users for tweet
2025-12-07 21:01:15 info: Verifying JWT token
2025-12-07 21:01:15 info: Verifying JWT token
2025-12-07 21:01:15 info: Verifying JWT token
2025-12-07 21:01:15 info: Getting three random tweets
2025-12-07 21:01:15 info: Get follower controller called
2025-12-07 21:01:15 info: Fetching random users for tweet
2025-12-07 21:01:16 info: Verifying JWT token
2025-12-07 21:01:16 info: Auth Me Route Accessed
2025-12-07 21:01:16 info: Verifying JWT token
2025-12-07 21:01:16 info: Verifying JWT token
2025-12-07 21:01:16 info: Verifying JWT token
2025-12-07 21:01:16 info: Verifying JWT token
2025-12-07 21:01:16 info: Auth Me Route Accessed
2025-12-07 21:01:16 info: Getting three random tweets
2025-12-07 21:01:16 info: Fetching random users for tweet
2025-12-07 21:01:16 info: Get follower controller called
2025-12-07 21:01:16 info: Verifying JWT token
2025-12-07 21:01:16 info: Verifying JWT token
2025-12-07 21:01:16 info: Verifying JWT token
2025-12-07 21:01:16 info: Getting three random tweets
2025-12-07 21:01:16 info: Fetching random users for tweet
2025-12-07 21:01:16 info: Get follower controller called
2025-12-07 21:01:18 info: Verifying JWT token
2025-12-07 21:01:18 info: Getting replies for tweet
2025-12-07 21:01:18 error: Error fetching comments from database
2025-12-07 21:01:18 info: Verifying JWT token
2025-12-07 21:01:18 info: Getting replies for tweet
2025-12-07 21:01:18 error: Error fetching comments from database
2025-12-07 21:01:53 info: Connecting to MongoDB...
2025-12-07 21:02:04 info: Connecting to MongoDB...
2025-12-07 21:02:06 info: MongoDB connected successfully
2025-12-07 21:02:09 info: Verifying JWT token
2025-12-07 21:02:09 info: Auth Me Route Accessed
2025-12-07 21:02:10 info: Verifying JWT token
2025-12-07 21:02:10 info: Verifying JWT token
2025-12-07 21:02:10 info: Verifying JWT token
2025-12-07 21:02:10 info: Verifying JWT token
2025-12-07 21:02:10 info: Auth Me Route Accessed
2025-12-07 21:02:10 info: Getting three random tweets
2025-12-07 21:02:10 info: Fetching random users for tweet
2025-12-07 21:02:10 info: Get follower controller called
2025-12-07 21:02:10 info: Verifying JWT token
2025-12-07 21:02:10 info: Verifying JWT token
2025-12-07 21:02:10 info: Verifying JWT token
2025-12-07 21:02:10 info: Getting three random tweets
2025-12-07 21:02:10 info: Fetching random users for tweet
2025-12-07 21:02:10 info: Get follower controller called
2025-12-07 21:02:12 info: Verifying JWT token
2025-12-07 21:02:12 info: Auth Me Route Accessed
2025-12-07 21:02:12 info: Verifying JWT token
2025-12-07 21:02:12 info: Verifying JWT token
2025-12-07 21:02:12 info: Verifying JWT token
2025-12-07 21:02:12 info: Verifying JWT token
2025-12-07 21:02:12 info: Auth Me Route Accessed
2025-12-07 21:02:12 info: Getting three random tweets
2025-12-07 21:02:12 info: Get follower controller called
2025-12-07 21:02:12 info: Fetching random users for tweet
2025-12-07 21:02:12 info: Verifying JWT token
2025-12-07 21:02:12 info: Verifying JWT token
2025-12-07 21:02:12 info: Verifying JWT token
2025-12-07 21:02:12 info: Get follower controller called
2025-12-07 21:02:12 info: Getting three random tweets
2025-12-07 21:02:12 info: Fetching random users for tweet
2025-12-07 21:02:14 info: Verifying JWT token
2025-12-07 21:02:14 info: Auth Me Route Accessed
2025-12-07 21:02:14 info: Verifying JWT token
2025-12-07 21:02:14 info: Verifying JWT token
2025-12-07 21:02:14 info: Verifying JWT token
2025-12-07 21:02:14 info: Verifying JWT token
2025-12-07 21:02:14 info: Auth Me Route Accessed
2025-12-07 21:02:14 info: Fetching random users for tweet
2025-12-07 21:02:14 info: Getting three random tweets
2025-12-07 21:02:14 info: Get follower controller called
2025-12-07 21:02:14 info: Verifying JWT token
2025-12-07 21:02:14 info: Verifying JWT token
2025-12-07 21:02:14 info: Getting three random tweets
2025-12-07 21:02:14 info: Get follower controller called
2025-12-07 21:02:14 info: Verifying JWT token
2025-12-07 21:02:15 info: Fetching random users for tweet
2025-12-07 21:02:16 info: Verifying JWT token
2025-12-07 21:02:16 info: Getting replies for tweet
2025-12-07 21:02:16 error: Error fetching comments from database
2025-12-07 21:02:16 info: Verifying JWT token
2025-12-07 21:02:16 info: Getting replies for tweet
2025-12-07 21:02:16 error: Error fetching comments from database
2025-12-07 21:03:53 info: Connecting to MongoDB...
2025-12-07 21:03:55 info: MongoDB connected successfully
2025-12-07 21:04:04 info: Connecting to MongoDB...
2025-12-07 21:04:06 info: MongoDB connected successfully
2025-12-07 21:04:09 info: Verifying JWT token
2025-12-07 21:04:09 info: Auth Me Route Accessed
2025-12-07 21:04:09 info: Verifying JWT token
2025-12-07 21:04:09 info: Verifying JWT token
2025-12-07 21:04:09 info: Verifying JWT token
2025-12-07 21:04:09 info: Verifying JWT token
2025-12-07 21:04:09 info: Auth Me Route Accessed
2025-12-07 21:04:09 info: Getting three random tweets
2025-12-07 21:04:09 info: Fetching random users for tweet
2025-12-07 21:04:09 info: Get follower controller called
2025-12-07 21:04:09 info: Verifying JWT token
2025-12-07 21:04:09 info: Verifying JWT token
2025-12-07 21:04:09 info: Fetching random users for tweet
2025-12-07 21:04:09 info: Verifying JWT token
2025-12-07 21:04:10 info: Getting three random tweets
2025-12-07 21:04:10 info: Get follower controller called
2025-12-07 21:04:11 info: Verifying JWT token
2025-12-07 21:04:11 info: Auth Me Route Accessed
2025-12-07 21:04:11 info: Verifying JWT token
2025-12-07 21:04:11 info: Verifying JWT token
2025-12-07 21:04:11 info: Verifying JWT token
2025-12-07 21:04:11 info: Verifying JWT token
2025-12-07 21:04:11 info: Getting three random tweets
2025-12-07 21:04:11 info: Get follower controller called
2025-12-07 21:04:11 info: Fetching random users for tweet
2025-12-07 21:04:11 info: Auth Me Route Accessed
2025-12-07 21:04:12 info: Verifying JWT token
2025-12-07 21:04:12 info: Verifying JWT token
2025-12-07 21:04:12 info: Verifying JWT token
2025-12-07 21:04:12 info: Get follower controller called
2025-12-07 21:04:12 info: Fetching random users for tweet
2025-12-07 21:04:12 info: Getting three random tweets
2025-12-07 21:04:13 info: Verifying JWT token
2025-12-07 21:04:13 info: Auth Me Route Accessed
2025-12-07 21:04:13 info: Verifying JWT token
2025-12-07 21:04:13 info: Verifying JWT token
2025-12-07 21:04:13 info: Verifying JWT token
2025-12-07 21:04:14 info: Verifying JWT token
2025-12-07 21:04:14 info: Auth Me Route Accessed
2025-12-07 21:04:14 info: Getting three random tweets
2025-12-07 21:04:14 info: Fetching random users for tweet
2025-12-07 21:04:14 info: Get follower controller called
2025-12-07 21:04:14 info: Verifying JWT token
2025-12-07 21:04:14 info: Verifying JWT token
2025-12-07 21:04:14 info: Verifying JWT token
2025-12-07 21:04:14 info: Getting three random tweets
2025-12-07 21:04:14 info: Fetching random users for tweet
2025-12-07 21:04:14 info: Get follower controller called
2025-12-07 21:04:15 info: Verifying JWT token
2025-12-07 21:04:15 info: Auth Me Route Accessed
2025-12-07 21:04:15 info: Verifying JWT token
2025-12-07 21:04:15 info: Verifying JWT token
2025-12-07 21:04:15 info: Verifying JWT token
2025-12-07 21:04:15 info: Verifying JWT token
2025-12-07 21:04:15 info: Auth Me Route Accessed
2025-12-07 21:04:15 info: Fetching random users for tweet
2025-12-07 21:04:15 info: Get follower controller called
2025-12-07 21:04:15 info: Getting three random tweets
2025-12-07 21:04:15 info: Verifying JWT token
2025-12-07 21:04:15 info: Verifying JWT token
2025-12-07 21:04:15 info: Verifying JWT token
2025-12-07 21:04:15 info: Get follower controller called
2025-12-07 21:04:15 info: Fetching random users for tweet
2025-12-07 21:04:15 info: Getting three random tweets
2025-12-07 21:04:17 info: Verifying JWT token
2025-12-07 21:04:17 info: Getting replies for tweet
2025-12-07 21:04:17 info: Verifying JWT token
2025-12-07 21:04:17 info: Getting replies for tweet
2025-12-07 21:06:14 info: Connecting to MongoDB...
2025-12-07 21:06:26 info: MongoDB connected successfully
2025-12-07 21:06:36 info: Verifying JWT token
2025-12-07 21:06:36 info: Auth Me Route Accessed
2025-12-07 21:06:36 info: Verifying JWT token
2025-12-07 21:06:36 info: Verifying JWT token
2025-12-07 21:06:36 info: Verifying JWT token
2025-12-07 21:06:36 info: Verifying JWT token
2025-12-07 21:06:36 info: Getting three random tweets
2025-12-07 21:06:36 info: Auth Me Route Accessed
2025-12-07 21:06:36 info: Fetching random users for tweet
2025-12-07 21:06:36 info: Get follower controller called
2025-12-07 21:06:36 info: Verifying JWT token
2025-12-07 21:06:36 info: Verifying JWT token
2025-12-07 21:06:36 info: Fetching random users for tweet
2025-12-07 21:06:36 info: Get follower controller called
2025-12-07 21:06:37 info: Verifying JWT token
2025-12-07 21:06:37 info: Getting three random tweets
2025-12-07 21:06:38 info: Verifying JWT token
2025-12-07 21:06:38 info: Auth Me Route Accessed
2025-12-07 21:06:38 info: Verifying JWT token
2025-12-07 21:06:38 info: Verifying JWT token
2025-12-07 21:06:38 info: Verifying JWT token
2025-12-07 21:06:38 info: Verifying JWT token
2025-12-07 21:06:38 info: Getting three random tweets
2025-12-07 21:06:38 info: Auth Me Route Accessed
2025-12-07 21:06:38 info: Fetching random users for tweet
2025-12-07 21:06:38 info: Get follower controller called
2025-12-07 21:06:38 info: Verifying JWT token
2025-12-07 21:06:38 info: Verifying JWT token
2025-12-07 21:06:38 info: Verifying JWT token
2025-12-07 21:06:38 info: Getting three random tweets
2025-12-07 21:06:38 info: Fetching random users for tweet
2025-12-07 21:06:38 info: Get follower controller called
2025-12-07 21:06:41 info: Verifying JWT token
2025-12-07 21:06:41 info: Auth Me Route Accessed
2025-12-07 21:06:41 info: Verifying JWT token
2025-12-07 21:06:41 info: Verifying JWT token
2025-12-07 21:06:41 info: Verifying JWT token
2025-12-07 21:06:41 info: Verifying JWT token
2025-12-07 21:06:41 info: Auth Me Route Accessed
2025-12-07 21:06:41 info: Getting three random tweets
2025-12-07 21:06:41 info: Fetching random users for tweet
2025-12-07 21:06:41 info: Get follower controller called
2025-12-07 21:06:41 info: Verifying JWT token
2025-12-07 21:06:41 info: Verifying JWT token
2025-12-07 21:06:41 info: Verifying JWT token
2025-12-07 21:06:41 info: Getting three random tweets
2025-12-07 21:06:41 info: Fetching random users for tweet
2025-12-07 21:06:41 info: Get follower controller called
2025-12-07 21:06:44 info: Verifying JWT token
2025-12-07 21:06:44 info: Auth Me Route Accessed
2025-12-07 21:06:44 info: Verifying JWT token
2025-12-07 21:06:44 info: Verifying JWT token
2025-12-07 21:06:44 info: Verifying JWT token
2025-12-07 21:06:44 info: Verifying JWT token
2025-12-07 21:06:44 info: Auth Me Route Accessed
2025-12-07 21:06:44 info: Getting three random tweets
2025-12-07 21:06:44 info: Fetching random users for tweet
2025-12-07 21:06:44 info: Get follower controller called
2025-12-07 21:06:44 info: Verifying JWT token
2025-12-07 21:06:44 info: Verifying JWT token
2025-12-07 21:06:44 info: Verifying JWT token
2025-12-07 21:06:44 info: Fetching random users for tweet
2025-12-07 21:06:44 info: Getting three random tweets
2025-12-07 21:06:44 info: Get follower controller called
2025-12-07 21:06:45 info: Verifying JWT token
2025-12-07 21:06:45 info: Auth Me Route Accessed
2025-12-07 21:06:46 info: Verifying JWT token
2025-12-07 21:06:46 info: Verifying JWT token
2025-12-07 21:06:46 info: Verifying JWT token
2025-12-07 21:06:46 info: Verifying JWT token
2025-12-07 21:06:46 info: Auth Me Route Accessed
2025-12-07 21:06:46 info: Getting three random tweets
2025-12-07 21:06:46 info: Fetching random users for tweet
2025-12-07 21:06:46 info: Get follower controller called
2025-12-07 21:06:46 info: Verifying JWT token
2025-12-07 21:06:46 info: Verifying JWT token
2025-12-07 21:06:46 info: Getting three random tweets
2025-12-07 21:06:46 info: Fetching random users for tweet
2025-12-07 21:06:46 info: Verifying JWT token
2025-12-07 21:06:46 info: Get follower controller called
2025-12-07 21:06:47 info: Verifying JWT token
2025-12-07 21:06:47 info: Auth Me Route Accessed
2025-12-07 21:06:47 info: Verifying JWT token
2025-12-07 21:06:47 info: Verifying JWT token
2025-12-07 21:06:47 info: Verifying JWT token
2025-12-07 21:06:47 info: Verifying JWT token
2025-12-07 21:06:47 info: Auth Me Route Accessed
2025-12-07 21:06:48 info: Fetching random users for tweet
2025-12-07 21:06:48 info: Get follower controller called
2025-12-07 21:06:48 info: Verifying JWT token
2025-12-07 21:06:48 info: Verifying JWT token
2025-12-07 21:06:48 info: Fetching random users for tweet
2025-12-07 21:06:48 info: Get follower controller called
2025-12-07 21:06:48 info: Getting three random tweets
2025-12-07 21:06:48 info: Verifying JWT token
2025-12-07 21:06:48 info: Getting three random tweets
2025-12-07 21:06:49 info: Verifying JWT token
2025-12-07 21:06:49 info: Auth Me Route Accessed
2025-12-07 21:06:49 info: Verifying JWT token
2025-12-07 21:06:49 info: Verifying JWT token
2025-12-07 21:06:49 info: Verifying JWT token
2025-12-07 21:06:49 info: Verifying JWT token
2025-12-07 21:06:49 info: Auth Me Route Accessed
2025-12-07 21:06:49 info: Fetching random users for tweet
2025-12-07 21:06:49 info: Getting three random tweets
2025-12-07 21:06:49 info: Get follower controller called
2025-12-07 21:06:49 info: Verifying JWT token
2025-12-07 21:06:49 info: Verifying JWT token
2025-12-07 21:06:49 info: Verifying JWT token
2025-12-07 21:06:50 info: Getting three random tweets
2025-12-07 21:06:50 info: Fetching random users for tweet
2025-12-07 21:06:50 info: Get follower controller called
2025-12-07 21:06:51 info: Verifying JWT token
2025-12-07 21:06:51 info: Auth Me Route Accessed
2025-12-07 21:06:51 info: Verifying JWT token
2025-12-07 21:06:51 info: Verifying JWT token
2025-12-07 21:06:51 info: Verifying JWT token
2025-12-07 21:06:51 info: Verifying JWT token
2025-12-07 21:06:51 info: Auth Me Route Accessed
2025-12-07 21:06:51 info: Getting three random tweets
2025-12-07 21:06:51 info: Fetching random users for tweet
2025-12-07 21:06:51 info: Get follower controller called
2025-12-07 21:06:51 info: Verifying JWT token
2025-12-07 21:06:51 info: Verifying JWT token
2025-12-07 21:06:51 info: Verifying JWT token
2025-12-07 21:06:51 info: Getting three random tweets
2025-12-07 21:06:51 info: Fetching random users for tweet
2025-12-07 21:06:51 info: Get follower controller called
2025-12-07 21:06:52 info: Verifying JWT token
2025-12-07 21:06:52 info: Auth Me Route Accessed
2025-12-07 21:06:52 info: Verifying JWT token
2025-12-07 21:06:52 info: Verifying JWT token
2025-12-07 21:06:52 info: Verifying JWT token
2025-12-07 21:06:52 info: Verifying JWT token
2025-12-07 21:06:52 info: Getting three random tweets
2025-12-07 21:06:52 info: Auth Me Route Accessed
2025-12-07 21:06:52 info: Fetching random users for tweet
2025-12-07 21:06:52 info: Get follower controller called
2025-12-07 21:06:52 info: Verifying JWT token
2025-12-07 21:06:52 info: Verifying JWT token
2025-12-07 21:06:52 info: Verifying JWT token
2025-12-07 21:06:53 info: Getting three random tweets
2025-12-07 21:06:53 info: Fetching random users for tweet
2025-12-07 21:06:53 info: Get follower controller called
2025-12-07 21:06:54 info: Verifying JWT token
2025-12-07 21:06:54 info: Auth Me Route Accessed
2025-12-07 21:06:54 info: Verifying JWT token
2025-12-07 21:06:54 info: Verifying JWT token
2025-12-07 21:06:54 info: Verifying JWT token
2025-12-07 21:06:54 info: Verifying JWT token
2025-12-07 21:06:54 info: Auth Me Route Accessed
2025-12-07 21:06:54 info: Fetching random users for tweet
2025-12-07 21:06:54 info: Getting three random tweets
2025-12-07 21:06:54 info: Get follower controller called
2025-12-07 21:06:54 info: Verifying JWT token
2025-12-07 21:06:54 info: Verifying JWT token
2025-12-07 21:06:54 info: Verifying JWT token
2025-12-07 21:06:54 info: Fetching random users for tweet
2025-12-07 21:06:54 info: Getting three random tweets
2025-12-07 21:06:54 info: Get follower controller called
2025-12-07 21:06:57 info: Verifying JWT token
2025-12-07 21:06:57 info: Auth Me Route Accessed
2025-12-07 21:06:57 info: Verifying JWT token
2025-12-07 21:06:57 info: Verifying JWT token
2025-12-07 21:06:57 info: Verifying JWT token
2025-12-07 21:06:57 info: Verifying JWT token
2025-12-07 21:06:57 info: Auth Me Route Accessed
2025-12-07 21:06:57 info: Fetching random users for tweet
2025-12-07 21:06:57 info: Get follower controller called
2025-12-07 21:06:57 info: Verifying JWT token
2025-12-07 21:06:57 info: Verifying JWT token
2025-12-07 21:06:57 info: Fetching random users for tweet
2025-12-07 21:06:57 info: Getting three random tweets
2025-12-07 21:06:58 info: Get follower controller called
2025-12-07 21:06:58 info: Verifying JWT token
2025-12-07 21:06:58 info: Getting three random tweets
2025-12-07 21:07:00 info: Verifying JWT token
2025-12-07 21:07:00 info: Auth Me Route Accessed
2025-12-07 21:07:00 info: Verifying JWT token
2025-12-07 21:07:00 info: Verifying JWT token
2025-12-07 21:07:00 info: Verifying JWT token
2025-12-07 21:07:00 info: Verifying JWT token
2025-12-07 21:07:00 info: Auth Me Route Accessed
2025-12-07 21:07:00 info: Getting three random tweets
2025-12-07 21:07:00 info: Fetching random users for tweet
2025-12-07 21:07:00 info: Get follower controller called
2025-12-07 21:07:00 info: Verifying JWT token
2025-12-07 21:07:00 info: Verifying JWT token
2025-12-07 21:07:00 info: Verifying JWT token
2025-12-07 21:07:00 info: Getting three random tweets
2025-12-07 21:07:00 info: Fetching random users for tweet
2025-12-07 21:07:01 info: Get follower controller called
2025-12-07 21:07:02 info: Verifying JWT token
2025-12-07 21:07:02 info: Auth Me Route Accessed
2025-12-07 21:07:02 info: Verifying JWT token
2025-12-07 21:07:02 info: Verifying JWT token
2025-12-07 21:07:02 info: Verifying JWT token
2025-12-07 21:07:02 info: Verifying JWT token
2025-12-07 21:07:02 info: Auth Me Route Accessed
2025-12-07 21:07:02 info: Getting three random tweets
2025-12-07 21:07:02 info: Fetching random users for tweet
2025-12-07 21:07:02 info: Get follower controller called
2025-12-07 21:07:02 info: Verifying JWT token
2025-12-07 21:07:02 info: Verifying JWT token
2025-12-07 21:07:02 info: Verifying JWT token
2025-12-07 21:07:02 info: Getting three random tweets
2025-12-07 21:07:02 info: Fetching random users for tweet
2025-12-07 21:07:02 info: Get follower controller called
2025-12-07 21:07:03 info: Verifying JWT token
2025-12-07 21:07:03 info: Auth Me Route Accessed
2025-12-07 21:07:03 info: Verifying JWT token
2025-12-07 21:07:03 info: Verifying JWT token
2025-12-07 21:07:03 info: Verifying JWT token
2025-12-07 21:07:03 info: Verifying JWT token
2025-12-07 21:07:03 info: Auth Me Route Accessed
2025-12-07 21:07:03 info: Getting three random tweets
2025-12-07 21:07:03 info: Fetching random users for tweet
2025-12-07 21:07:03 info: Get follower controller called
2025-12-07 21:07:03 info: Verifying JWT token
2025-12-07 21:07:03 info: Verifying JWT token
2025-12-07 21:07:03 info: Verifying JWT token
2025-12-07 21:07:04 info: Fetching random users for tweet
2025-12-07 21:07:04 info: Getting three random tweets
2025-12-07 21:07:04 info: Get follower controller called
2025-12-07 21:07:05 info: Verifying JWT token
2025-12-07 21:07:05 info: Getting replies for tweet
2025-12-07 21:07:05 info: Verifying JWT token
2025-12-07 21:07:05 info: Getting replies for tweet
2025-12-07 21:10:21 info: Connecting to MongoDB...
2025-12-07 21:10:27 info: MongoDB connected successfully
2025-12-07 21:10:59 info: Connecting to MongoDB...
2025-12-07 21:11:05 info: MongoDB connected successfully
2025-12-07 21:11:18 info: Verifying JWT token
2025-12-07 21:11:18 info: Auth Me Route Accessed
2025-12-07 21:11:18 info: Verifying JWT token
2025-12-07 21:11:18 info: Verifying JWT token
2025-12-07 21:11:18 info: Verifying JWT token
2025-12-07 21:11:18 info: Verifying JWT token
2025-12-07 21:11:18 info: Auth Me Route Accessed
2025-12-07 21:11:18 info: Getting three random tweets
2025-12-07 21:11:18 info: Fetching random users for tweet
2025-12-07 21:11:18 info: Get follower controller called
2025-12-07 21:11:18 info: Verifying JWT token
2025-12-07 21:11:18 info: Verifying JWT token
2025-12-07 21:11:18 info: Verifying JWT token
2025-12-07 21:11:18 info: Fetching random users for tweet
2025-12-07 21:11:18 info: Getting three random tweets
2025-12-07 21:11:18 info: Get follower controller called
2025-12-07 21:11:20 info: Verifying JWT token
2025-12-07 21:11:20 info: Auth Me Route Accessed
2025-12-07 21:11:20 info: Verifying JWT token
2025-12-07 21:11:20 info: Verifying JWT token
2025-12-07 21:11:20 info: Verifying JWT token
2025-12-07 21:11:20 info: Verifying JWT token
2025-12-07 21:11:20 info: Auth Me Route Accessed
2025-12-07 21:11:20 info: Getting three random tweets
2025-12-07 21:11:20 info: Fetching random users for tweet
2025-12-07 21:11:20 info: Get follower controller called
2025-12-07 21:11:21 info: Verifying JWT token
2025-12-07 21:11:21 info: Verifying JWT token
2025-12-07 21:11:21 info: Verifying JWT token
2025-12-07 21:11:21 info: Getting three random tweets
2025-12-07 21:11:21 info: Fetching random users for tweet
2025-12-07 21:11:21 info: Get follower controller called
2025-12-07 21:11:24 info: Verifying JWT token
2025-12-07 21:11:24 info: Auth Me Route Accessed
2025-12-07 21:11:24 info: Verifying JWT token
2025-12-07 21:11:24 info: Verifying JWT token
2025-12-07 21:11:24 info: Verifying JWT token
2025-12-07 21:11:24 info: Verifying JWT token
2025-12-07 21:11:24 info: Auth Me Route Accessed
2025-12-07 21:11:24 info: Getting three random tweets
2025-12-07 21:11:24 info: Fetching random users for tweet
2025-12-07 21:11:24 info: Get follower controller called
2025-12-07 21:11:24 info: Verifying JWT token
2025-12-07 21:11:24 info: Verifying JWT token
2025-12-07 21:11:24 info: Verifying JWT token
2025-12-07 21:11:25 info: Getting three random tweets
2025-12-07 21:11:25 info: Fetching random users for tweet
2025-12-07 21:11:25 info: Get follower controller called
2025-12-07 21:11:32 info: Verifying JWT token
2025-12-07 21:11:32 info: Auth Me Route Accessed
2025-12-07 21:11:32 info: Verifying JWT token
2025-12-07 21:11:32 info: Verifying JWT token
2025-12-07 21:11:32 info: Verifying JWT token
2025-12-07 21:11:32 info: Verifying JWT token
2025-12-07 21:11:32 info: Auth Me Route Accessed
2025-12-07 21:11:32 info: Getting three random tweets
2025-12-07 21:11:32 info: Fetching random users for tweet
2025-12-07 21:11:32 info: Get follower controller called
2025-12-07 21:11:33 info: Verifying JWT token
2025-12-07 21:11:33 info: Verifying JWT token
2025-12-07 21:11:33 info: Verifying JWT token
2025-12-07 21:11:33 info: Get follower controller called
2025-12-07 21:11:33 info: Getting three random tweets
2025-12-07 21:11:33 info: Fetching random users for tweet
2025-12-07 21:11:35 info: Verifying JWT token
2025-12-07 21:11:35 info: Auth Me Route Accessed
2025-12-07 21:11:35 info: Verifying JWT token
2025-12-07 21:11:35 info: Verifying JWT token
2025-12-07 21:11:35 info: Verifying JWT token
2025-12-07 21:11:35 info: Verifying JWT token
2025-12-07 21:11:35 info: Auth Me Route Accessed
2025-12-07 21:11:35 info: Fetching random users for tweet
2025-12-07 21:11:35 info: Getting three random tweets
2025-12-07 21:11:35 info: Get follower controller called
2025-12-07 21:11:35 info: Verifying JWT token
2025-12-07 21:11:35 info: Verifying JWT token
2025-12-07 21:11:35 info: Verifying JWT token
2025-12-07 21:11:35 info: Fetching random users for tweet
2025-12-07 21:11:35 info: Getting three random tweets
2025-12-07 21:11:35 info: Get follower controller called
2025-12-07 21:11:36 info: Verifying JWT token
2025-12-07 21:11:36 info: Auth Me Route Accessed
2025-12-07 21:11:36 info: Verifying JWT token
2025-12-07 21:11:36 info: Verifying JWT token
2025-12-07 21:11:36 info: Verifying JWT token
2025-12-07 21:11:36 info: Verifying JWT token
2025-12-07 21:11:37 info: Auth Me Route Accessed
2025-12-07 21:11:37 info: Fetching random users for tweet
2025-12-07 21:11:37 info: Getting three random tweets
2025-12-07 21:11:37 info: Get follower controller called
2025-12-07 21:11:37 info: Verifying JWT token
2025-12-07 21:11:37 info: Verifying JWT token
2025-12-07 21:11:37 info: Verifying JWT token
2025-12-07 21:11:37 info: Fetching random users for tweet
2025-12-07 21:11:37 info: Get follower controller called
2025-12-07 21:11:37 info: Getting three random tweets
2025-12-07 21:11:38 info: Verifying JWT token
2025-12-07 21:11:38 info: Auth Me Route Accessed
2025-12-07 21:11:38 info: Verifying JWT token
2025-12-07 21:11:38 info: Verifying JWT token
2025-12-07 21:11:38 info: Verifying JWT token
2025-12-07 21:11:38 info: Verifying JWT token
2025-12-07 21:11:38 info: Fetching random users for tweet
2025-12-07 21:11:38 info: Auth Me Route Accessed
2025-12-07 21:11:38 info: Getting three random tweets
2025-12-07 21:11:38 info: Get follower controller called
2025-12-07 21:11:38 info: Verifying JWT token
2025-12-07 21:11:38 info: Verifying JWT token
2025-12-07 21:11:38 info: Verifying JWT token
2025-12-07 21:11:39 info: Getting three random tweets
2025-12-07 21:11:39 info: Fetching random users for tweet
2025-12-07 21:11:39 info: Get follower controller called
2025-12-07 21:11:40 info: Verifying JWT token
2025-12-07 21:11:40 info: Getting replies for tweet
2025-12-07 21:11:41 info: Verifying JWT token
2025-12-07 21:11:41 info: Getting replies for tweet
2025-12-07 21:13:33 info: Verifying JWT token
2025-12-07 21:13:33 info: Auth Me Route Accessed
2025-12-07 21:13:33 info: Verifying JWT token
2025-12-07 21:13:33 info: Verifying JWT token
2025-12-07 21:13:33 info: Verifying JWT token
2025-12-07 21:13:33 info: Verifying JWT token
2025-12-07 21:13:33 info: Auth Me Route Accessed
2025-12-07 21:13:33 info: Getting three random tweets
2025-12-07 21:13:33 info: Fetching random users for tweet
2025-12-07 21:13:33 info: Get follower controller called
2025-12-07 21:13:33 info: Verifying JWT token
2025-12-07 21:13:33 info: Verifying JWT token
2025-12-07 21:13:33 info: Verifying JWT token
2025-12-07 21:13:33 info: Getting three random tweets
2025-12-07 21:13:33 info: Fetching random users for tweet
2025-12-07 21:13:33 info: Get follower controller called
2025-12-07 21:13:35 info: Verifying JWT token
2025-12-07 21:13:35 info: Auth Me Route Accessed
2025-12-07 21:13:35 info: Verifying JWT token
2025-12-07 21:13:35 info: Verifying JWT token
2025-12-07 21:13:35 info: Verifying JWT token
2025-12-07 21:13:35 info: Verifying JWT token
2025-12-07 21:13:35 info: Auth Me Route Accessed
2025-12-07 21:13:35 info: Getting three random tweets
2025-12-07 21:13:35 info: Fetching random users for tweet
2025-12-07 21:13:35 info: Get follower controller called
2025-12-07 21:13:35 info: Verifying JWT token
2025-12-07 21:13:35 info: Verifying JWT token
2025-12-07 21:13:35 info: Verifying JWT token
2025-12-07 21:13:35 info: Fetching random users for tweet
2025-12-07 21:13:35 info: Getting three random tweets
2025-12-07 21:13:35 info: Get follower controller called
2025-12-07 21:13:37 info: Verifying JWT token
2025-12-07 21:13:37 info: Auth Me Route Accessed
2025-12-07 21:13:37 info: Verifying JWT token
2025-12-07 21:13:37 info: Verifying JWT token
2025-12-07 21:13:37 info: Verifying JWT token
2025-12-07 21:13:37 info: Verifying JWT token
2025-12-07 21:13:37 info: Getting three random tweets
2025-12-07 21:13:37 info: Auth Me Route Accessed
2025-12-07 21:13:37 info: Fetching random users for tweet
2025-12-07 21:13:37 info: Get follower controller called
2025-12-07 21:13:37 info: Verifying JWT token
2025-12-07 21:13:37 info: Verifying JWT token
2025-12-07 21:13:37 info: Verifying JWT token
2025-12-07 21:13:38 info: Getting three random tweets
2025-12-07 21:13:38 info: Fetching random users for tweet
2025-12-07 21:13:38 info: Get follower controller called
2025-12-07 21:13:44 info: Verifying JWT token
2025-12-07 21:13:44 info: Auth Me Route Accessed
2025-12-07 21:13:44 info: Verifying JWT token
2025-12-07 21:13:44 info: Verifying JWT token
2025-12-07 21:13:44 info: Verifying JWT token
2025-12-07 21:13:44 info: Verifying JWT token
2025-12-07 21:13:44 info: Auth Me Route Accessed
2025-12-07 21:13:44 info: Getting three random tweets
2025-12-07 21:13:44 info: Fetching random users for tweet
2025-12-07 21:13:44 info: Get follower controller called
2025-12-07 21:13:44 info: Verifying JWT token
2025-12-07 21:13:44 info: Verifying JWT token
2025-12-07 21:13:44 info: Verifying JWT token
2025-12-07 21:13:44 info: Get follower controller called
2025-12-07 21:13:44 info: Getting three random tweets
2025-12-07 21:13:44 info: Fetching random users for tweet
2025-12-07 21:13:46 info: Verifying JWT token
2025-12-07 21:13:46 info: Auth Me Route Accessed
2025-12-07 21:13:46 info: Verifying JWT token
2025-12-07 21:13:46 info: Verifying JWT token
2025-12-07 21:13:46 info: Verifying JWT token
2025-12-07 21:13:46 info: Verifying JWT token
2025-12-07 21:13:46 info: Auth Me Route Accessed
2025-12-07 21:13:46 info: Getting three random tweets
2025-12-07 21:13:46 info: Fetching random users for tweet
2025-12-07 21:13:46 info: Get follower controller called
2025-12-07 21:13:46 info: Verifying JWT token
2025-12-07 21:13:46 info: Verifying JWT token
2025-12-07 21:13:46 info: Verifying JWT token
2025-12-07 21:13:46 info: Getting three random tweets
2025-12-07 21:13:46 info: Fetching random users for tweet
2025-12-07 21:13:46 info: Get follower controller called
2025-12-07 21:13:50 info: Verifying JWT token
2025-12-07 21:13:50 info: Getting replies for tweet
2025-12-07 21:13:50 info: Verifying JWT token
2025-12-07 21:13:50 info: Getting replies for tweet
2025-12-07 21:16:03 info: Verifying JWT token
2025-12-07 21:16:03 info: Getting replies for tweet
2025-12-07 21:16:03 info: Verifying JWT token
2025-12-07 21:16:03 info: Getting replies for tweet
2025-12-07 21:16:04 info: Verifying JWT token
2025-12-07 21:16:04 info: Auth Me Route Accessed
2025-12-07 21:16:04 info: Verifying JWT token
2025-12-07 21:16:04 info: Verifying JWT token
2025-12-07 21:16:04 info: Verifying JWT token
2025-12-07 21:16:04 info: Verifying JWT token
2025-12-07 21:16:04 info: Auth Me Route Accessed
2025-12-07 21:16:04 info: Getting three random tweets
2025-12-07 21:16:04 info: Fetching random users for tweet
2025-12-07 21:16:04 info: Get follower controller called
2025-12-07 21:16:04 info: Verifying JWT token
2025-12-07 21:16:04 info: Verifying JWT token
2025-12-07 21:16:04 info: Verifying JWT token
2025-12-07 21:16:04 info: Fetching random users for tweet
2025-12-07 21:16:04 info: Get follower controller called
2025-12-07 21:16:04 info: Getting three random tweets
2025-12-07 21:16:05 info: Verifying JWT token
2025-12-07 21:16:06 info: Auth Me Route Accessed
2025-12-07 21:16:06 info: Verifying JWT token
2025-12-07 21:16:06 info: Verifying JWT token
2025-12-07 21:16:06 info: Verifying JWT token
2025-12-07 21:16:06 info: Verifying JWT token
2025-12-07 21:16:06 info: Auth Me Route Accessed
2025-12-07 21:16:06 info: Fetching random users for tweet
2025-12-07 21:16:06 info: Getting three random tweets
2025-12-07 21:16:06 info: Get follower controller called
2025-12-07 21:16:06 info: Verifying JWT token
2025-12-07 21:16:06 info: Verifying JWT token
2025-12-07 21:16:06 info: Verifying JWT token
2025-12-07 21:16:06 info: Fetching random users for tweet
2025-12-07 21:16:06 info: Getting three random tweets
2025-12-07 21:16:06 info: Get follower controller called
2025-12-07 21:16:09 info: Verifying JWT token
2025-12-07 21:16:09 info: Getting replies for tweet
2025-12-07 21:16:10 info: Verifying JWT token
2025-12-07 21:16:10 info: Getting replies for tweet
2025-12-07 21:25:09 info: Connecting to MongoDB...
2025-12-07 21:25:16 info: MongoDB connected successfully
2025-12-07 21:25:28 info: Verifying JWT token
2025-12-07 21:25:28 info: Auth Me Route Accessed
2025-12-07 21:25:28 info: Verifying JWT token
2025-12-07 21:25:28 info: Auth Me Route Accessed
2025-12-07 21:25:31 info: User sign-in started
2025-12-07 21:25:31 info: Verifying JWT token
2025-12-07 21:25:31 info: Verifying JWT token
2025-12-07 21:25:31 info: Verifying JWT token
2025-12-07 21:25:31 info: Getting three random tweets
2025-12-07 21:25:31 info: Fetching random users for tweet
2025-12-07 21:25:31 info: Get follower controller called
2025-12-07 21:25:31 info: Verifying JWT token
2025-12-07 21:25:31 info: Verifying JWT token
2025-12-07 21:25:32 info: Fetching random users for tweet
2025-12-07 21:25:32 info: Getting three random tweets
2025-12-07 21:25:32 info: Verifying JWT token
2025-12-07 21:25:32 info: Get follower controller called
2025-12-07 21:25:41 info: Verifying JWT token
2025-12-07 21:25:41 info: Verifying JWT token
2025-12-07 21:25:41 info: Auth Me Route Accessed
2025-12-07 21:25:41 info: Auth Me Route Accessed
2025-12-07 21:25:43 info: User sign-in started
2025-12-07 21:25:44 info: Verifying JWT token
2025-12-07 21:25:44 info: Verifying JWT token
2025-12-07 21:25:44 info: Verifying JWT token
2025-12-07 21:25:44 info: Verifying JWT token
2025-12-07 21:25:44 info: Verifying JWT token
2025-12-07 21:25:44 info: Verifying JWT token
2025-12-07 21:25:44 info: Getting three random tweets
2025-12-07 21:25:44 info: Fetching random users for tweet
2025-12-07 21:25:44 info: Getting three random tweets
2025-12-07 21:25:44 info: Get follower controller called
2025-12-07 21:25:45 info: Fetching random users for tweet
2025-12-07 21:25:45 info: Get follower controller called
2025-12-07 21:25:45 info: Verifying JWT token
2025-12-07 21:25:45 info: Verifying JWT token
2025-12-07 21:25:45 info: Getting notifications for user
2025-12-07 21:25:45 info: Getting notifications for user
2025-12-07 21:26:06 info: Verifying JWT token
2025-12-07 21:26:06 info: Auth Me Route Accessed
2025-12-07 21:26:06 info: Verifying JWT token
2025-12-07 21:26:06 info: Verifying JWT token
2025-12-07 21:26:06 info: Verifying JWT token
2025-12-07 21:26:06 info: Verifying JWT token
2025-12-07 21:26:06 info: Auth Me Route Accessed
2025-12-07 21:26:06 info: Getting three random tweets
2025-12-07 21:26:06 info: Get follower controller called
2025-12-07 21:26:06 info: Fetching random users for tweet
2025-12-07 21:26:06 info: Verifying JWT token
2025-12-07 21:26:06 info: Verifying JWT token
2025-12-07 21:26:06 info: Verifying JWT token
2025-12-07 21:26:06 info: Getting three random tweets
2025-12-07 21:26:06 info: Get follower controller called
2025-12-07 21:26:06 info: Fetching random users for tweet
2025-12-07 21:26:08 info: Verifying JWT token
2025-12-07 21:26:08 info: Getting replies for tweet
2025-12-07 21:26:08 info: Verifying JWT token
2025-12-07 21:26:08 info: Getting replies for tweet
2025-12-07 21:26:21 info: Verifying JWT token
2025-12-07 21:26:21 info: Creating reply for tweet
2025-12-07 21:26:24 info: Verifying JWT token
2025-12-07 21:26:24 info: Verifying JWT token
2025-12-07 21:26:24 info: Auth Me Route Accessed
2025-12-07 21:26:24 info: Auth Me Route Accessed
2025-12-07 21:26:24 info: Verifying JWT token
2025-12-07 21:26:24 info: Verifying JWT token
2025-12-07 21:26:24 info: Verifying JWT token
2025-12-07 21:26:24 info: Verifying JWT token
2025-12-07 21:26:24 info: Verifying JWT token
2025-12-07 21:26:24 info: Verifying JWT token
2025-12-07 21:26:24 info: Get follower controller called
2025-12-07 21:26:24 info: Fetching random users for tweet
2025-12-07 21:26:24 info: Getting notifications for user
2025-12-07 21:26:24 info: Getting notifications for user
2025-12-07 21:26:24 info: Fetching random users for tweet
2025-12-07 21:26:25 info: Get follower controller called
2025-12-07 21:27:48 info: Verifying JWT token
2025-12-07 21:27:48 info: Verifying JWT token
2025-12-07 21:27:48 info: Getting three random tweets
2025-12-07 21:27:48 info: Getting three random tweets
2025-12-07 21:27:50 info: Verifying JWT token
2025-12-07 21:27:50 info: Verifying JWT token
2025-12-07 21:27:50 info: Getting user tweets
2025-12-07 21:27:50 info: Getting user tweets
2025-12-07 21:30:17 info: Verifying JWT token
2025-12-07 21:30:17 info: Follow user controller called
2025-12-07 21:30:19 info: Verifying JWT token
2025-12-07 21:30:19 info: Follow user controller called
2025-12-07 21:30:20 info: Verifying JWT token
2025-12-07 21:30:21 info: Follow user controller called
2025-12-07 21:30:22 info: Verifying JWT token
2025-12-07 21:30:22 info: Unfollow user controller called
2025-12-07 21:30:24 info: Verifying JWT token
2025-12-07 21:30:24 info: Unfollow user controller called
2025-12-07 21:30:26 info: Verifying JWT token
2025-12-07 21:30:26 info: Unfollow user controller called
2025-12-07 21:31:54 info: Verifying JWT token
2025-12-07 21:31:54 info: Auth Me Route Accessed
2025-12-07 21:31:54 info: Verifying JWT token
2025-12-07 21:31:54 info: Auth Me Route Accessed
2025-12-07 21:31:57 info: User sign-in started
2025-12-07 21:31:57 info: Verifying JWT token
2025-12-07 21:31:57 info: Verifying JWT token
2025-12-07 21:31:58 info: Verifying JWT token
2025-12-07 21:31:58 info: Getting three random tweets
2025-12-07 21:31:58 info: Fetching random users for tweet
2025-12-07 21:31:58 info: Get follower controller called
2025-12-07 21:31:58 info: Verifying JWT token
2025-12-07 21:31:58 info: Verifying JWT token
2025-12-07 21:31:58 info: Verifying JWT token
2025-12-07 21:31:58 info: Getting three random tweets
2025-12-07 21:31:58 info: Fetching random users for tweet
2025-12-07 21:31:58 info: Get follower controller called
2025-12-07 21:31:59 info: Verifying JWT token
2025-12-07 21:31:59 info: Getting replies for tweet
2025-12-07 21:31:59 info: Verifying JWT token
2025-12-07 21:32:00 info: Getting replies for tweet
2025-12-07 21:32:16 info: Verifying JWT token
2025-12-07 21:32:16 info: Creating reply for tweet
2025-12-07 21:36:25 info: Verifying JWT token
2025-12-07 21:36:25 info: Getting replies for tweet
2025-12-07 21:36:25 info: Verifying JWT token
2025-12-07 21:36:25 info: Getting replies for tweet
2025-12-07 21:36:26 info: Verifying JWT token
2025-12-07 21:36:26 info: Auth Me Route Accessed
2025-12-07 21:36:26 info: Verifying JWT token
2025-12-07 21:36:26 info: Verifying JWT token
2025-12-07 21:36:26 info: Verifying JWT token
2025-12-07 21:36:26 info: Verifying JWT token
2025-12-07 21:36:26 info: Getting three random tweets
2025-12-07 21:36:26 info: Fetching random users for tweet
2025-12-07 21:36:27 info: Verifying JWT token
2025-12-07 21:36:27 info: Verifying JWT token
2025-12-07 21:36:27 info: Getting three random tweets
2025-12-07 21:36:27 info: Auth Me Route Accessed
2025-12-07 21:36:27 info: Get follower controller called
2025-12-07 21:36:27 info: Verifying JWT token
2025-12-07 21:36:27 info: Fetching random users for tweet
2025-12-07 21:36:27 info: Get follower controller called
